FishID,CapturedLocationID,Length_cm,WT_lbs,DispositionCode,MethodCode,FloyTag1,FloyTag2,FloyTag3,Time_anesthetised_min,Time_anesthetised_sec,Time_surgery_min,Time_surgery_sec,TagID,PITtag,Time_recover_min,Time_recover_sec,ScalesPresent,Recapture,Notes
4641,2,42.5,2.7,A/F,L,4244,4245,,9,4,3,52,6873.26,3D9.239F884DE3,5,27,FALSE,FALSE,3 sutures
6202,2,38.5,2.2,A/F,L,5366,5367,,3,20,7,9,6425.26,3D9.239F884E9A,5,55,FALSE,FALSE,3 SUTURES
2089,1,41.5,3,A/F,L,101,,,,,8,59,7363,3D6.001569BEE2,,,TRUE,FALSE,"3 SUTURES, Removed Subcode as found in AcousticSinglePulseTags table to relate AcousticTagCode to All_Observations table"
2315,4,38,1.35,A/F,L,637,639,,4,4,7,0,9939.07,,5,25,TRUE,FALSE,"possibly wrong PIT code, used on two fish. 3 sutures. Removed PITcode"
2323,1,40.5,1.75,A/F,L,484,485,,2,34,7,9,7916.24,,4,42,TRUE,FALSE,"monocryl, 3 sutures, possibly wrong PIT code, used on two fish. Removed PITcode"
4364,1,62,6.3,A/F,L,3435,3436,,4,16,4,51,7894.31,3D6.001569BF04,7,56,FALSE,FALSE,3 SUTURES
2050,2,40,1.55,A/F,L,74,,,,,7,38,8517.06,3D6.001569BF14,,,FALSE,FALSE,"possibly wrong PIT, was used twice, time to anesthesized plane 2m45s, 3 sutures"
2259,2,45.5,4.4,A/F,L,268,269,,8,50,6,4,5767.01,,,,TRUE,FALSE,"possibly wrong PIT, was used twice, confirmed incorrect PIT tag"
34,1,39.5,1.5,A/F,L,337,338,,1,52,4,44,5683.07,3D6.001569BFA9,6,28,TRUE,FALSE,
2419,1,37,1.65,A/F,L,1155,1156,,1,20,7,20,9820.24,3D6.001569BFFE,4,47,TRUE,FALSE,3 sutures
5730,2,38,2,A/F,L,4379,4380,,4,57,4,4,9393.26,3D6.001569C095,4,15,FALSE,FALSE,3 SUTURES
2261,2,40.5,1.7,A/F,L,255,253,,4,34,4,55,9917.06,3D6.0015690042,,,TRUE,FALSE,"*C, slight injury"
3840,2,34,1.6,A/F,L,1898,1897,,3,0,5,12,6382.04,3D6.001569BE7A,3,4,FALSE,FALSE,3 SUTURES.
1881,3,48,2.7,A/F,B,32,,,,,6,32,9497.06,3D6.001569BE7B,,,FALSE,FALSE,temp 20.1c; 3 sutures
2393,1,38.5,1.7,A/F,L,958,959,,3,2,8,48,6858.04,3D6.001569BE7D,6,40,TRUE,FALSE,Female
2320,4,35.5,1.1,A/F,L,499,498,,2,27,3,44,6019.07,3D6.001569BE7E,1,25,TRUE,FALSE,
2430,2,39.5,1.6,A/F,L,1885,1886,,2,43,6,0,7020.24,3D6.001569BE7F,2,10,TRUE,FALSE,3 sutures
1863,2,47,2.31,A/F,N/R,12,,,1,0,4,0,6277.06,3D6.001569BE80,,,FALSE,FALSE,"9:18 down in 1 min., approximate surgery time"
2396,2,37,1.75,A/F,L,1058,1059,,5,8,6,6,6046.04,3D6.001569BE82,4,45,TRUE,FALSE,RELEASED NEAR IC1
1869,2,41.5,1.6,A/F,L,19,,,,,5,5,5073.06,3D6.001569BE87,,,FALSE,FALSE,used 3 sutures AQUI-S conc. Start w/35 mL/200 L time to stage 4= 3 min 10sec
2440,2,36,1.7,A/F,L,1807,1808,,7,0,5,0,8510.04,3D6.001569BE8A,1,22,TRUE,FALSE,
1862,2,42.5,1.56,A/F,N/R,11,,,,,6,0,5717.06,3D6.001569BE8C,,,FALSE,FALSE,"AQUI-S conc. 35 mg/L, approximate surgery time"
2234,1,38,1.35,A/F,L,207,208,,1,50,6,10,8105.22,3D6.001569BE8D,,,TRUE,FALSE,3 Sutures
2087,3,54,3.4,A/F,L,102,,,,,5,54,9637.06,3D6.001569BE8E,,,TRUE,FALSE,"3 SUTURES, 2NE NEEDLE HOLE BLEEDS"
2203,1,33,0.75,A/F,L,134,,,,56,4,55,7153.22,3D6.001569BE8F,,,TRUE,FALSE,2 Sutures
1896,2,37.5,0.95,A/F,L,34,,,,,6,12,7517.22,3D6.001569BE92,,,FALSE,FALSE,
1898,2,29.5,0.6,A/F,L,36,,,,,5,7,5025.22,3D6.001569BE93,,,FALSE,FALSE,
1878,1,42.5,2.05,A/F,L,31,,,,,3,52,6221.06,3D6.001569BE94,,,FALSE,FALSE,approximate surgery time
1889,3,57,5.5,A/F,B,45,,,,,8,0,6523.01,3D6.001569BE95,,,FALSE,FALSE,"3 sutures, approximate surgery time"
2482,2,44.5,3.5,A/F,L,1767,1768,,4,9,3,15,8146.04,3D6.001569BE96,1,4,TRUE,FALSE,
2431,2,44,2,A/F,L,1881,1882,,2,27,8,0,8392.24,3D6.001569BE97,2,45,FALSE,FALSE,3 sutures
2204,1,41,1.5,A/F,L,135,,,1,55,5,39,6509.22,3D6.001569BE98,,,TRUE,FALSE,2 Sutures
3009,1,56,5.3,A/F,L,1688,1689,,5,8,3,50,7390.04,3D6.001569BE99,3,59,FALSE,FALSE,3 sutures
2321,4,39,1.5,A/F,L,646,647,,2,1,4,25,5487.07,3D6.001569BE9B,2,35,TRUE,FALSE,
2397,1,40.5,2.2,A/F,L,1060,1061,,6,47,4,9,9742.04,3D6.001569BEA0,1,33,TRUE,FALSE,released by rgd
2483,2,52,4.45,A/F,L,1773,1769,,2,33,3,2,6746.04,3D6.001569BEA1,1,56,TRUE,FALSE,
1883,3,41.5,1.65,A/F,B,44,,,,,7,0,6529.06,3D6.001569BEA2,,,FALSE,FALSE,3 sutures
2384,2,39,1.9,A/F,L,907,906,,3,9,12,1,8706.04,3D6.001569BEA3,6,35,TRUE,FALSE,
2215,1,40,1.25,A/F,L,141,,,,,5,6,6201.22,3D6.001569BEA5,,,TRUE,FALSE,BOCA
1900,3,52.5,5.9,A/F,B,22,,,,,9,40,7895.01,3D6.001569BEA7,,,FALSE,FALSE,3 sutures
2144,1,44,3.5,A/F,L,119,,,,,6,17,7083.01,3D6.001569BEA9,,,TRUE,FALSE,
2322,4,34,0.95,A/F,L,642,643,,2,49,4,9,6663.07,3D6.001569BEAC,4,10,TRUE,FALSE,
2142,1,34.5,1.6,A/F,L,116,,,,,,,5935.01,3D6.001569BEB1,,,TRUE,FALSE,Timer stopped midway
1882,3,48.5,3.8,A/F,B,33,,,,,7,33,8119.01,3D6.001569BEB3,,,FALSE,FALSE,AQUI-S 35mL in 200L
1871,2,49,2.5,A/F,L,21,,,,,7,5,9833.06,3D6.001569BEB4,,,FALSE,FALSE,AQUI-S 35mL in 200L
1907,2,51,4.2,A/F,L,52,,,,,8,35,8035.01,3D6.001569BEB5,,,FALSE,FALSE,"Time to anesthetized 1:40, 3 sutures"
1890,3,59.5,7.05,A/F,B,46,,,,,6,0,6215.01,3D6.001569BEB7,,,FALSE,FALSE,approximate surgery time
2420,2,44,2.2,A/F,L,1984,1985,,3,35,11,0,9344.24,3D6.001569BEB9,5,52,TRUE,FALSE,3 sutures
1902,3,55,5.7,A/F,B,24,,,,,4,11,6775.01,3D6.001569BEBB,,,FALSE,FALSE,Time to anesthetized 3:58
2306,4,28,0.55,A/F,L,613,612,,1,47,5,24,5851.07,3D6.001569BEBC,1,33,TRUE,FALSE,monocryl
2216,1,38.5,1.25,A/F,L,140,,,,,4,40,7041.22,3D6.001569BEBE,,,TRUE,FALSE,2 sutures
1872,2,39.5,1.5,A/F,L,20,,,,,5,0,9015.01,3D6.001569BEC8,,,FALSE,FALSE,gravid female
2222,2,32.5,0.9,A/F,L,138,,,2,49,5,19,6705.22,3D6.001569BECE,,,TRUE,FALSE,
1888,3,30.5,0.7,A/F,L,43,,,,,5,0,7769.22,3D6.001569BED0,,,FALSE,FALSE,"Time to go down 2:10; At 10:07 3 middle gates partially open, approximate surgery time"
1876,3,30,0.8,A/F,L,29,,,3,36,6,0,5641.22,3D6.001569BED4,,,FALSE,FALSE,"time to sedation 3:36 - incision behind pelvic girdle; Aquis-S = 35mL (17.5 mg/L), approximate surgery time"
1891,3,51,4.4,A/F,B,47,,,,,5,0,6075.01,3D6.001569BED9,,,FALSE,FALSE,"Hook deep in throat, approximate surgery time"
2236,1,39,1.45,A/F,L,211,212,,2,14,5,40,7713.22,3D6.001569BEDD,,,TRUE,FALSE,3 Sutures
2394,2,45,1.75,A/F,L,1051,1052,,2,12,4,14,9400.24,3D6.001569BEDE,2,42,TRUE,FALSE,3 stitch
2684,1,64,5.6,A/F,L,1451,1452,,4,31,8,53,5676.24,3D6.001569BEDF,2,8,TRUE,FALSE,4 sutures
1942,2,43.5,3,A/F,L,75,,,,,7,36,7923,3D6.001569BEE1,,,FALSE,FALSE,"3 sutures, #5, Removed Subcode as found in AcousticSinglePulseTags table to relate AcousticTagCode to All_Observations table"
1880,3,73.5,10.05,A/F,L,42,,,,,5,42,8545.06,3D6.001569BEE3,,,FALSE,FALSE,3 sutures
2314,4,42.5,1.9,A/F,L,630,631,,2,36,5,52,7860.24,3D6.001569BEE5,2,54,TRUE,FALSE,3 sutures
2800,1,93,23.3,A/F,L,1680,1679,1678,2,15,7,52,5956.24,3D6.001569BEE7,11,58,TRUE,FALSE,3 floys
1929,2,43,1.7,A/F,L,88,,,,,5,16,5689.06,3D6.001569BEE9,,,FALSE,FALSE,"AQUI-S = 27 mL total, began with 17 mL"
2201,1,70,8.1,A/F,L,132,,,3,36,5,6,7173.06,3D6.001569BEEA,,,TRUE,FALSE,3 Sutures
2072,2,40.5,1.7,A/F,L,87,,,,,7,32,8713.06,3D6.001569BEEB,,,FALSE,FALSE,3 sutures
2145,3,44.5,2.1,A/F,L,120,,,,,7,35,6305.06,3D6.001569BEEC,,,TRUE,FALSE,
2411,1,42,1.7,A/F,L,1108,1109,,1,45,6,35,5564.24,3D6.001569BEEE,2,13,TRUE,FALSE,
2136,3,43.5,1.75,A/F,L,110,,,,,6,38,8965.06,3D6.001569BEEF,,,TRUE,FALSE,1:57 sed. 3 sutures
3090,1,53,3.3,A/F,L,2379,2380,,4,15,5,8,6662.31,3D6.001569BEEG,4,33,TRUE,FALSE,
1955,2,45,2.15,A/F,B,94,,,,,6,5,5829.06,3D6.001569BEF2,,,FALSE,FALSE,
2205,1,43.5,1.85,A/F,L,136,,,1,26,6,2,5605.06,3D6.001569BEF3,,,TRUE,FALSE,3 Sutures
2123,1,35,1.75,A/F,L,105,,,,,7,5,9239.01,3D6.001569BEF4,,,TRUE,FALSE,
2316,4,50.5,3.6,A/F,L,640,641,,5,29,6,37,9064.24,3D6.001569BEF5,11,12,TRUE,FALSE,had salmon PIT tag in stomach; 3DD.003BC8F49E
2409,2,43,1.9,A/F,L,880,881,,3,41,4,21,8532.24,3D6.001569BEF6,4,38,TRUE,FALSE,
2329,2,47.5,3.05,A/F,L,566,567,,4,13,8,19,9988.24,3D6.001569BEF8,2,40,TRUE,FALSE,"Female, 3 sutures"
2408,2,47.5,2.5,A/F,L,1012,1011,,1,15,4,59,5032.24,3D6.001569BEF9,2,26,TRUE,FALSE,RELEASED NEXT TO IC3
2074,2,43,1.8,A/F,L,97,,,,,5,9,7397.06,3D6.001569BEFA,,,FALSE,FALSE,3 sutures
1956,2,50.5,2.85,A/F,B,95,,,,,4,13,9301.06,3D6.001569BEFC,,,FALSE,FALSE,
3084,1,66.5,8.4,A/F,L,2441,2442,,5,1,7,26,7586.31,3D6.001569BEFD,2,23,TRUE,FALSE,3 sutures
19,1,57,7.5,A/F,B,1086,1087,,2,5,7,30,7502.04,3D6.001569BEFF,2,45,FALSE,FALSE,
1947,2,45.5,2.85,A/F,B,76,,,,,4,40,7335.01,3D6.001569BF00,,,FALSE,FALSE,
2305,4,56.5,4.7,A/F,L,620,621,,3,57,4,28,5928.24,3D6.001569BF01,5,40,TRUE,FALSE,2 sutures
1906,1,42,1.55,A/F,L,51,,,,,5,30,6949.06,3D6.001569BF03,,,FALSE,FALSE,"Time to anesthetized 2:46, 3 sutures, used 17.5 mL AQUI-S + 35 mL = 52.5 mL"
1912,1,40.5,1.5,A/F,L,53,,,,,9,58,6025.06,3D6.001569BF05,,,FALSE,FALSE,"Time to sedate 3:30, AQUI-S = 35 mL/200L water"
2167,1,67,5.95,A/F,L,128,,,2,48,4,57,6893.06,3D6.001569BF07,,,TRUE,FALSE,
2210,1,43.5,2,A/F,L,146,,,,,4,30,7481.06,3D6.001569BF09,,,TRUE,FALSE,"Boca, 3 sutures"
2135,3,42.5,1.75,A/F,L,109,,,,,7,15,8769.06,3D6.001569BF0A,,,TRUE,FALSE,":30 Sedation,  3 sutures"
36,1,59.5,5,A/F,L,343,344,,3,10,7,18,8028.24,3D6.001569BF0B,7,53,TRUE,FALSE,FEMALE 3 SUTURES
2076,2,42.5,1.6,A/F,L,100,,,,,7,7,5101.06,3D6.001569BF0C,,,FALSE,FALSE,3 sutures
2168,1,67,7,A/F,L,129,,,,40,,,9077.06,3D6.001569BF0D,,,TRUE,FALSE,
1930,2,43,1.8,A/F,L,89,,,,,6,45,5381.06,3D6.001569BF0E,,,FALSE,FALSE,3 sutures
2170,1,57,4.1,A/F,L,131,,,1,45,7,1,7789.06,3D6.001569BF0F,,,TRUE,FALSE,"3 sutures, recovery not confirmed"
2153,1,44,2,A/F,L,123,,,2,7,5,31,6165.06,3D6.001569BF11,,,TRUE,FALSE,3 sutures used
2398,1,48,2.8,A/F,B,1065,1066,,1,32,4,26,9204.24,3D6.001569BF12,3,32,TRUE,FALSE,
2138,3,42,2.7,A/F,L,112,,,,,6,21,6047.01,3D6.001569BF13,,,TRUE,FALSE,3 SUTURES 1:45
2282,2,40,2.9,A/F,L,313,316,,,,5,44,7111.01,3D6.001569BF15,4,0,TRUE,FALSE,4 min. recovery
1934,2,45,1.85,A/F,L,91,,,,,3,1,5157.06,3D6.001569BF17,,,FALSE,FALSE,
2077,2,47,2.4,A/F,L,98,,,,,8,21,6389.06,3D6.001569BF18,,,FALSE,FALSE,3 sutures
2345,1,78.7,13.3,A/F,L,792,793,,2,25,5,52,7048.24,3D6.001569BF19,6,20,TRUE,FALSE,N37°49.840 W121°33.556
3102,1,65,6.2,A/F,L,2422,2423,,3,10,6,0,7250.31,3D6.001569BF1A,5,18,TRUE,FALSE,3 SUTURES
2235,1,71,8.65,A/F,L,209,210,,2,42,7,5,8349.06,3D6.001569BF1B,,,TRUE,FALSE,"3 Sutures, Mature Female, Egg"
2296,2,57.5,6.4,A/F,L,299,300,,3,57,5,55,6068.24,3D6.001569BF1C,6,14,TRUE,FALSE,4 sutures
2324,1,50.5,3.15,A/F,L,483,482,,1,17,8,14,6768.24,3D6.001569BF1F,4,53,TRUE,FALSE,3 sutures
2165,3,43,1.75,A/F,L,126,,,2,55,5,1,7537.06,3D6.001569BF20,,,TRUE,FALSE,"3 Sutures, Bleeder"
2073,2,48,2.3,A/F,L,96,,,,,5,6,8153.06,3D6.001569BF21,,,FALSE,FALSE,
2106,1,56.5,4.45,A/F,L,104,,,,,6,50,5325.06,3D6.001569BF22,,,TRUE,FALSE,
2671,1,69.5,9,A/F,L,1733,1732,,0,8,9,55,9540.24,3D6.001569BF23,7,13,TRUE,FALSE,3 sutures
2395,2,53.5,3.6,A/F,B,973,974,,3,18,5,19,6208.24,3D6.001569BF24,2,58,TRUE,FALSE,4 stitch
2248,1,48.5,3.25,A/F,L,234,235,,4,7,7,13,7733.06,3D6.001569BF25,,,TRUE,FALSE,"1150 Release Time, 4 Sutures"
2169,1,59,4.5,A/F,L,130,,,1,30,7,10,8629.06,3D6.001569BF26,,,TRUE,FALSE,3 sutures
2311,1,39.5,1.6,A/F,L,626,627,,4,17,7,15,7328.24,3D6.001569BF27,3,55,TRUE,FALSE,
2155,1,39.5,1.6,A/F,L,125,,,1,40,5,0,6977.06,3D6.001569BF28,,,TRUE,FALSE,3 sutures used
2143,1,47,4.3,A/F,L,117,,,,,7,22,9715.01,3D6.001569BF29,,,TRUE,FALSE,
2211,1,40.5,2,A/F,L,145,,,,,5,53,9049.06,3D6.001569BF2A,,,TRUE,FALSE,"Boca, 3 sutures"
2795,1,,3.4,A/F,L,1704,1705,,2,26,6,22,9904.24,3D6.001569BF2B,5,16,TRUE,FALSE,3 sutures
2140,1,35,1.55,A/F,L,114,,,,,7,3,9071.01,3D6.001569BF2C,,,TRUE,FALSE,
2213,1,41,3,A/F,L,143,,,,,11,20,9995.01,3D6.001569BF2E,,,TRUE,FALSE,3 Sutures
2304,4,52,3.4,A/F,L,449,450,,2,39,5,58,7076.24,3D6.001569BF31,7,31,TRUE,FALSE,3 sutures
2436,2,39.5,1.65,A/F,L,1829,1828,,2,30,6,2,9652.24,3D6.001569BF32,1,22,TRUE,FALSE,3 SUTURE
2154,1,40.5,1.55,A/F,L,124,,,,,6,30,9665.06,3D6.001569BF35,,,TRUE,FALSE,3 sutures used
1933,2,40,1.5,A/F,L,92,,,,,3,14,7005.06,3D6.001569BF36,,,FALSE,FALSE,"double catch ""lippy"""
1949,2,49,2.95,A/F,B,78,,,,,3,54,7285.06,3D6.001569BF38,,,FALSE,FALSE,Bleeding from needle hole
1897,2,45,2.2,A/F,L,35,,,,,7,39,6501.06,3D6.001569BF3C,,,FALSE,FALSE,3 sutures
3072,1,54,3.7,A/F,L,1633,1634,,6,3,4,30,8986.31,3D6.001569BF3D,4,30,TRUE,FALSE,
2673,1,49.5,2.8,A/F,L,1738,1736,,1,25,6,34,5368.24,3D6.001569BF3E,4,53,TRUE,FALSE,3 sutures
3071,1,63.5,5.65,A/F,L,1635,1636,,5,41,5,11,8258.31,3D6.001569BF3F,5,23,TRUE,FALSE,
2088,3,50.5,3.1,A/F,L,103,,,,,6,53,9525.06,3D6.001569BF40,,,TRUE,FALSE,
2071,2,41.5,1.95,A/F,L,86,,,,,6,1,6753.06,3D6.001569BF41,,,FALSE,FALSE,3 sutures
2312,5,55.5,5.25,A/F,L,603,604,,3,20,5,8,7888.24,3D6.001569BF42,2,8,TRUE,FALSE,"male, 4 sutures"
2477,2,70,8.2,A/F,L,1757,1756,,2,40,5,40,7776.24,3D6.001569BF44,2,52,TRUE,FALSE,:)
3066,2,77,11.3,A/F,L,1645,1646,,2,50,5,46,6606.31,3D6.001569BF46,3,36,TRUE,FALSE,
4377,2,51.5,3.35,A/F,L,3462,3463,,4,16,6,57,8714.16,3D6.001569BF51,4,21,FALSE,FALSE,MISSING LEFT PECTORAL FIN; 4 SUTURES
3068,1,58,4.9,A/F,L,1641,1642,,2,30,5,46,7306.31,3D6.001569BF53,4,5,TRUE,FALSE,female with eggs
1901,3,36.5,1.35,A/F,B,23,,,,,3,46,6425.22,3D6.001569BF54,,,FALSE,FALSE,Started timer late
2307,4,48,3,A/F,L,614,615,,2,34,6,35,9036.24,3D6.001569BF55,3,42,TRUE,FALSE,
1877,3,38.5,1.45,A/F,L,30,,,,,3,58,7909.22,3D6.001569BF57,,,FALSE,FALSE,approximate surgery time
2787,1,52.5,3.55,A/F,L,1713,1714,,1,48,5,51,8308.24,3D6.001569BF59,7,20,TRUE,FALSE,3 sutures
2240,2,36.5,1.3,A/F,L,217,218,,4,28,4,42,8301.22,3D6.001569BF5B,,,TRUE,FALSE,0907 Release Time
3013,1,50.5,3.1,A/F,L,1696,1697,,4,50,6,6,6712.24,3D6.001569BF5C,3,52,TRUE,FALSE,3 sutures
1977,3,40.5,1.35,A/F,B,62,,,,,5,5,9029,3D6.001569BF5D,,,FALSE,FALSE,Removed Subcode as found in AcousticSinglePulseTags table to relate AcousticTagCode to All_Observations table
3110,1,50.5,3.05,A/F,L,2406,2407,,3,39,7,56,8202.31,3D6.001569BF5F,3,55,TRUE,FALSE,3 SUTURES
4225,1,75.5,11.45,A/F,L,3275,3301,,2,0,9,47,5514.31,3D6.001569BF61,10,48,TRUE,FALSE,4 SUTURES
2687,1,83.5,12.5,A/F,L,1457,1459,,1,30,5,28,7104.24,3D6.001569BF63,3,42,TRUE,FALSE,3 sutures
2242,1,38,1.25,A/F,L,221,222,,5,9,4,57,9813.22,3D6.001569BF64,,,TRUE,FALSE,1006 Release Time
2362,4,52,3.55,A/F,L,1289,1290,,5,12,5,15,7356.24,3D6.001569BF66,6,39,TRUE,FALSE,
4359,1,61,5.75,A/F,L,3444,3445,,3,40,4,36,7978.31,3D6.001569BF67,8,27,FALSE,FALSE,3 SUTURES
2675,1,67,7.4,A/F,L,1741,1743,,1,57,8,5,8364.24,3D6.001569BF6D,5,15,TRUE,FALSE,"possible old surgery scar, no tag reading"
2317,4,51,3.5,A/F,L,634,63,,4,56,4,4,6040.24,3D6.001569BF6E,4,10,TRUE,FALSE,3 sutures
6033,1,54,3.65,A/F,L,3690,3689,,1,40,5,15,7398.16,3D6.001569BF71,7,13,FALSE,FALSE,3 SUTURES
4358,1,56,4.75,A/F,L,3446,3447,,4,21,3,41,6718.31,3D6.001569BF76,8,52,FALSE,FALSE,3 SUTURES
2399,1,43.5,1.6,A/F,B,1062,1063,,1,44,4,13,8140.24,3D6.001569BF78,1,45,TRUE,FALSE,Captured by fisherman 7/28/14
2330,4,35.5,1.2,A/F,L,568,569,,2,52,6,15,5179.07,3D6.001569BF7A,1,39,TRUE,FALSE,
2250,1,36.5,1.15,A/F,L,240,241,,,,4,35,6173.22,3D6.001569BF7F,,,TRUE,FALSE,1225 Release Time
1931,2,34.5,0.85,A/F,L,54,,,,,4,59,9085.22,3D6.001569BF80,,,FALSE,FALSE,bleeder
1895,2,39.5,1.25,A/F,L,49,,,,,3,20,8833.22,3D6.001569BF81,,,FALSE,FALSE,Started timer late
3052,1,69.5,7.5,A/F,L,1503,1504,,0,0,7,57,9434.31,3D6.001569BF83,2,55,TRUE,FALSE,big fish
1899,3,36.5,1.3,A/F,L,37,,,,,4,25,9785.22,3D6.001569BF84,,,FALSE,FALSE,
2789,1,51.5,3.7,A/F,L,1711,1710,,1,45,6,29,8672.24,3D6.001569BF86,6,9,TRUE,FALSE,3 sutures
2689,1,90.5,17.8,A/F,L,1462,1463,,2,20,7,18,9568.24,3D6.001569BF88,3,0,TRUE,FALSE,3 sutures
6071,1,51,3.5,A/F,L,3665,3660,,2,6,3,21,5214.16,3D6.001569BF89,2,44,FALSE,FALSE,3 sutures
2336,1,50.5,3.05,A/F,L,591,592,,4,0,5,33,5760.24,3D6.001569BF8A,2,8,TRUE,FALSE,3 sutures
3105,1,52,3.2,A/F,L,2416,2417,,3,30,4,36,5402.31,3D6.001569BF8F,2,2,TRUE,FALSE,3 SUTURES
2331,4,37,1.2,A/F,L,572,573,,3,10,5,22,8567.07,3D6.001569BF90,3,31,TRUE,FALSE,
3014,1,66.5,6.15,A/F,L,1699,1698,,2,21,5,45,8980.24,3D6.001569BF92,2,26,TRUE,FALSE,female
2682,1,71.5,9.25,A/F,L,1498,1499,,2,45,7,25,5844.24,3D6.001569BF97,6,33,TRUE,FALSE,4 sutures
2669,1,76,11.1,A/F,L,1729,1728,,0,35,15,9,6656.24,3D6.001569BF98,12,48,TRUE,FALSE,4 sutures
1939,2,38,1.2,A/F,L,64,,,,,5,0,5697.22,3D6.001569BF99,,,FALSE,FALSE,"Bleeding, #2"
2294,2,34,1,A/F,L,294,295,,5,17,4,36,6299.07,3D6.001569BF9C,1,55,TRUE,FALSE,bleeding from surgery/floy
2053,2,30,0.7,A/F,L,81,,,,,6,23,9197,3D6.001569BF9D,,,FALSE,FALSE,Removed Subcode as found in AcousticSinglePulseTags table to relate AcousticTagCode to All_Observations table
3092,1,66,7.3,A/F,L,2383,2384,,3,47,5,22,5626.31,3D6.001569BF9E,3,39,TRUE,FALSE,
1941,2,34,0.95,A/F,L,66,,,,,6,15,5165.22,3D6.001569BF9F,,,FALSE,FALSE,#4
3139,1,50.5,3,A/F,L,1527,1528,,3,32,7,12,6578.31,3D6.001569BFA1,3,43,TRUE,FALSE,3 SUTURES
3070,1,64,6.25,A/F,L,1637,1638,,5,4,5,9,7082.31,3D6.001569BFA2,3,25,TRUE,FALSE,
2202,1,66.5,6.85,A/F,L,133,,,2,11,5,46,6361.06,3D6.001569BFA4,,,TRUE,FALSE,3 Sutures
1894,2,39.5,1.4,A/F,L,48,,,,,5,0,8777.22,3D6.001569BFA5,,,FALSE,FALSE,approximate surgery time
1903,3,31,0.75,A/F,B,50,,,,,4,13,6901.22,3D6.001569BFA7,,,FALSE,FALSE,Time to anesthetized 1:51
2346,1,40.5,1.55,A/F,L,745,746,,1,43,6,26,6292.24,3D6.001569BFA8,0,53,TRUE,FALSE,"N37°49.840 W121°33.556
3 sutures"
1975,3,32.5,0.85,A/F,B,60,,,,,5,56,9225,3D6.001569BFAA,,,FALSE,FALSE,"1m09s to go under, Removed Subcode as found in AcousticSinglePulseTags table to relate AcousticTagCode to All_Observations table"
2233,1,77,9.8,A/F,L,206,205,,3,50,6,7,6809.06,3D6.001569BFAB,,,TRUE,FALSE,"3:50 Bleeding, 3 Sutures, Mature Female"
2367,1,38,1.7,A/F,L,1268,1269,,5,40,10,26,9294.04,3D6.001569BFAC,1,20,TRUE,FALSE,3 SUTURE
2151,3,38.5,1.35,A/F,L,121,,,2,44,8,36,5557.22,3D6.001569BFAF,,,TRUE,FALSE,
2249,1,42,2,A/F,L,238,239,,4,52,5,20,8741.06,3D6.001569BFB0,,,TRUE,FALSE,1216 Release Time
2352,2,32,0.7,A/F,L,379,380,,1,46,5,2,6551.07,3D6.001569BFB2,1,25,TRUE,FALSE,
2244,1,34,1,A/F,L,226,227,,2,55,5,3,9057.22,3D6.001569BFB3,,,TRUE,FALSE,1039 Release Time
2054,2,34,1,A/F,L,82,,,,,7,4,7937,3D6.001569BFB4,,,FALSE,FALSE,Removed Subcode as found in AcousticSinglePulseTags table to relate AcousticTagCode to All_Observations table
2318,4,33,0.9,A/F,L,632,633,,1,29,4,38,7251.07,3D6.001569BFB5,4,58,TRUE,FALSE,
2056,2,37,1.25,A/F,L,84,,,,,5,41,5249,3D6.001569BFB6,,,FALSE,FALSE,Removed Subcode as found in AcousticSinglePulseTags table to relate AcousticTagCode to All_Observations table
3079,1,43.5,2,A/F,L,2432,2433,2434,5,40,7,30,9882.31,3D6.001569BFB7,4,42,TRUE,FALSE,3 sutures/3 floys
2284,2,49.5,5.15,A/F,L,320,322,,4,43,5,59,9043.01,3D6.001569BFB8,2,22,TRUE,FALSE,2:22recovery
3321,1,64,7.6,A/F,B,2071,2072,,4,47,5,47,5823.15,3D6.001569BFB9,4,8,FALSE,FALSE,3 SUTURES
14,2,44.5,2,A/F,L,1080,1081,,3,39,4,53,5172.24,3D6.001569BFBA,1,40,TRUE,FALSE,
3016,1,43,2.15,A/F,L,1674,1673,,3,16,7,21,6824.24,3D6.001569BFBB,4,1,TRUE,FALSE,female
3089,2,32.5,1.6,A/F,L,2377,2378,,9,6,5,48,9658.04,3D6.001569BFBD,6,15,TRUE,FALSE,3 sutures
2373,4,41.5,1.6,A/F,L,803,804,,4,54,4,55,9316.24,3D6.001569BFBE,8,3,TRUE,FALSE,
2132,3,35.5,1.1,A/F,L,106,,,,,7,56,9841.22,3D6.001569BFBF,,,TRUE,FALSE,SEDATION 3:07
2239,2,38.5,1.45,A/F,L,215,216,,4,45,6,36,5781.22,3D6.001569BFC0,,,TRUE,FALSE,"0846 Release Time, No YSI available, water temp taken with Depth Finder"
44,2,29.5,0.75,A/F,L,329,330,,3,44,5,5,8063.07,3D6.001569BFC1,4,36,TRUE,FALSE,
43,2,34.5,1.05,A/F,L,328,327,,3,32,5,31,9127.07,3D6.001569BFC2,10,35,TRUE,FALSE,3 sutures
1980,2,46.5,2.35,A/F,B,68,,,,,5,49,5045,3D6.001569BFC3,,,FALSE,FALSE,"1m50s to go under, Removed Subcode as found in AcousticSinglePulseTags table to relate AcousticTagCode to All_Observations table"
2057,4,36.5,1.25,A/F,L,85,,,,,5,14,6061,3D6.001569BFC4,,,FALSE,FALSE,Removed Subcode as found in AcousticSinglePulseTags table to relate AcousticTagCode to All_Observations table
2141,1,37.5,1.2,A/F,L,115,,,,,4,40,7993.22,3D6.001569BFC5,,,TRUE,FALSE,
2476,2,43,1.85,A/F,L,1753,1754,,5,0,4,50,9736.24,3D6.001569BFC6,1,8,TRUE,FALSE,male
2350,1,44.5,4.05,A/F,L,751,752,,5,8,5,48,6270.04,3D6.001569BFC7,4,1,TRUE,FALSE,"N37°49.854 W121°33.581. 
3 sutures."
2353,2,37,1.1,A/F,L,377,378,,4,11,3,45,7783.07,3D6.001569BFC8,1,17,TRUE,FALSE,2 sutures.
2245,1,38,1.3,A/F,L,228,229,,4,29,4,36,9477.22,3D6.001569BFC9,,,TRUE,FALSE,1056 Release Time
2337,5,40,1.45,A/F,L,582,584,,2,37,6,32,6803.07,3D6.001569BFCB,3,23,TRUE,FALSE,2 sutures
2232,1,54.5,3.9,A/F,L,201,202,,2,19,7,58,5465.06,3D6.001569BFCC,,,TRUE,FALSE,"3 Sutures, YSI not working, water temp taken with depth gauge."
2332,4,42.5,1.9,A/F,L,570,571,,3,32,5,49,9120.24,3D6.001569BFCD,2,19,TRUE,FALSE,
1981,2,36,1.6,A/F,L,69,,,,,7,51,5235,3D6.001569BFCE,,,FALSE,FALSE,"3 sutures, Removed Subcode as found in AcousticSinglePulseTags table to relate AcousticTagCode to All_Observations table"
2212,1,50.5,4.5,A/F,L,144,,,,,7,1,7453.06,3D6.001569BFCF,,,TRUE,FALSE,3 Sutures
2667,1,44,2,A/F,L,1475,1474,,3,51,6,20,9428.24,3D6.001569BFD1,4,39,TRUE,FALSE,3 sutures
2357,4,32,0.8,A/F,L,370,371,,2,28,3,0,5571.07,3D6.001569BFD3,4,8,TRUE,FALSE,
38,2,37.5,1.3,A/F,L,418,419,,5,36,5,43,6859.07,3D6.001569BFD4,6,45,TRUE,FALSE,3 SUTURES /BLEEDING
3189,2,38,2.15,A/F,L,2508,2510,,1,27,4,56,7195.15,3D6.001569BFD6,24,0,TRUE,FALSE,"3 SUTURES; FISH UPRIGHT FOR 10 MIN BEFORE WE CALLED IT RECOVERED, BUT HAD NOT SWUM AWAY"
2338,2,31.5,0.7,A/F,L,574,575,,3,8,4,41,7419.07,3D6.001569BFD7,2,43,TRUE,FALSE,2 sutures
2137,3,32.5,0.8,A/F,L,111,,,,,4,35,8168.22,3D6.001569BFD9,,,TRUE,FALSE,:30
2349,2,44.5,3.45,A/F,L,736,735,,9,10,5,10,8538.04,3D6.001569BFDA,3,16,TRUE,FALSE,"2 sutures, N37°49.795 W121°35.624"
2374,4,41,1.65,A/F,L,1252,1253,,3,27,5,24,7412.24,3D6.001569BFDC,5,56,TRUE,FALSE,
2051,2,36,1.2,A/F,L,79,,,,,6,9,7433,3D6.001569BFDD,,,FALSE,FALSE,Removed Subcode as found in AcousticSinglePulseTags table to relate AcousticTagCode to All_Observations table
2421,1,32,0.8,A/F,L,1994,1995,,3,45,3,11,8315.07,3D6.001569BFDE,1,14,TRUE,FALSE,
2246,1,41.5,1.7,A/F,L,230,231,,5,23,6,9,7761.06,3D6.001569BFDF,,,TRUE,FALSE,1109 Release Time
3065,1,40.5,1.7,A/F,L,1647,1648,,3,39,6,37,9714.31,3D6.001569BFE0,3,30,TRUE,FALSE,
2368,1,42.5,1.55,A/F,L,1274,1275,,4,1,12,50,7216.24,3D6.001569BFE2,2,30,TRUE,FALSE,3 SUTURE
2375,4,34.5,1.4,A/F,L,1251,826,,5,59,5,35,5374.04,3D6.001569BFE3,6,20,TRUE,FALSE,
1967,3,37.5,1.3,A/F,L,55,,,,,6,3,9505,3D6.001569BFE4,,,FALSE,FALSE,"3m45s to go under, Removed Subcode as found in AcousticSinglePulseTags table to relate AcousticTagCode to All_Observations table"
2052,2,33,0.85,A/F,L,80,,,,,6,37,7489,3D6.001569BFE5,,,FALSE,FALSE,Removed Subcode as found in AcousticSinglePulseTags table to relate AcousticTagCode to All_Observations table
2416,2,35.5,1.25,A/F,L,1188,1187,,1,55,7,40,6831.07,3D6.001569BFE6,3,42,TRUE,FALSE,3 sutures
2415,2,36.5,1.2,A/F,L,1191,1192,,1,9,5,25,6439.07,3D6.001569BFE7,2,35,TRUE,FALSE,
1973,3,30,0.7,A/F,B,58,,,,,5,16,6845,3D6.001569BFE8,,,FALSE,FALSE,"2m45s to go under, Removed Subcode as found in AcousticSinglePulseTags table to relate AcousticTagCode to All_Observations table"
2139,3,33.5,0.85,A/F,L,113,,,,,5,26,9169.22,3D6.001569BFE9,,,TRUE,FALSE,2:25
2209,1,45,2,A/F,L,147,,,,,6,35,8937.06,3D6.001569BFEA,,,TRUE,FALSE,"Boca weight, bleeding, 3 sutures"
1940,2,34.5,0.9,A/F,L,65,,,,,4,28,9757.22,3D6.001569BFEB,,,FALSE,FALSE,#3
2004,2,40,1.55,A/F,L,72,,,,,3,52,6053,3D6.001569BFEC,,,FALSE,FALSE,Removed Subcode as found in AcousticSinglePulseTags table to relate AcousticTagCode to All_Observations table
1968,3,38,1.35,A/F,L,56,,,,,6,35,8385,3D6.001569BFED,,,FALSE,FALSE,"2m08s to go under, Removed Subcode as found in AcousticSinglePulseTags table to relate AcousticTagCode to All_Observations table"
32,2,41.5,2,A/F,L,333,334,,2,49,7,5,9008.24,3D6.001569BFEE,4,50,TRUE,FALSE,3 SUTURES
2237,1,54.5,3.7,A/F,L,213,214,,2,14,4,47,9973.06,3D6.001569BFEF,,,TRUE,FALSE,
3226,2,38,1.9,A/F,L,2324,2325,,5,17,5,13,8959.15,3D6.001569BFF0,2,15,TRUE,FALSE,
2339,1,39.5,1.35,A/F,L,589,590,,1,40,4,47,7223.07,3D6.001569BFF1,3,39,TRUE,FALSE,2 sutures
2358,4,44,2,A/F,L,1393,1394,,3,30,5,40,5480.24,3D6.001569BFF2,4,0,TRUE,FALSE,
1935,2,37.5,1.2,A/F,L,93,,,,,5,13,8581.22,3D6.001569BFF3,,,FALSE,FALSE,
1932,2,34.5,1,A/F,L,90,,,,,5,36,5893.22,3D6.001569BFF4,,,FALSE,FALSE,strated 1 suture but started over due to knotting
2354,2,39.5,2.2,A/F,L,376,1400,,5,39,6,9,6942.04,3D6.001569BFF5,4,10,TRUE,FALSE,3 suture
41,2,37,1.25,A/F,L,417,424,,3,11,3,48,8231.07,3D6.001569BFF6,4,23,TRUE,FALSE,
2152,1,38.5,1.45,A/F,L,122,,,1,43,4,44,8273.22,3D6.001569BFF7,,,TRUE,FALSE,
2075,2,56.5,4.05,A/F,L,99,,,,,7,15,5017.06,3D6.001569BFF8,,,FALSE,FALSE,3 sutures
1982,2,43,1.7,A/F,L,70,,,,,6,3,9749,3D6.001569BFFA,,,FALSE,FALSE,"3 sutures, Removed Subcode as found in AcousticSinglePulseTags table to relate AcousticTagCode to All_Observations table"
2340,5,37,0.7,A/F,L,580,581,,2,0,4,47,9323.07,3D6.001569BFFB,1,37,TRUE,FALSE,2 sutures
1969,3,34.5,1.01,A/F,B,57,,,,,5,20,5753,3D6.001569BFFD,,,FALSE,FALSE,"2m12s to go under, Removed Subcode as found in AcousticSinglePulseTags table to relate AcousticTagCode to All_Observations table"
2134,3,37.5,1.25,A/F,L,108,,,,,5,16,5865.22,3D6.001569C000,,,TRUE,FALSE,2:00 SEDATION
2333,2,32.5,0.8,A/F,L,564,565,,2,30,6,52,8203.07,3D6.001569C001,2,10,TRUE,FALSE,
1974,3,42.5,1.8,A/F,B,59,,,,,5,55,5577,3D6.001569C002,,,FALSE,FALSE,"2m18s to go under, 3 sutures, Removed Subcode as found in AcousticSinglePulseTags table to relate AcousticTagCode to All_Observations table"
1976,3,39.5,1.45,A/F,B,61,,,,,6,51,7097,3D6.001569C004,,,FALSE,FALSE,Removed Subcode as found in AcousticSinglePulseTags table to relate AcousticTagCode to All_Observations table
2055,2,35,1,A/F,L,83,,,,,6,59,8973,3D6.001569C005,,,FALSE,FALSE,Removed Subcode as found in AcousticSinglePulseTags table to relate AcousticTagCode to All_Observations table
1938,2,33,0.95,A/F,L,63,,,,,6,10,5501.22,3D6.001569C006,,,FALSE,FALSE,#1
2412,1,31,0.8,A/F,L,1197,1198,,3,19,6,58,7559.07,3D6.001569C008,2,0,TRUE,FALSE,
24,2,40,1.4,A/F,L,347,348,,4,6,6,2,5123.07,3D6.001569C009,3,2,TRUE,FALSE,3 sutures
2319,4,36,1.15,A/F,L,628,629,,3,58,2,51,7531.07,3D6.001569C00B,3,46,TRUE,FALSE,
2208,1,40.5,1.9,A/F,L,148,,,,,7,17,5493.06,3D6.001569C00C,,,TRUE,FALSE,Dropped fish 3 sutures
2679,2,42.5,2.05,A/F,L,1748,1749,,1,39,6,51,6432.24,3D6.001569C00D,3,1,TRUE,FALSE,
2295,2,38,1.75,A/F,L,296,297,,7,9,7,12,6522.04,3D6.001569C00E,4,39,TRUE,FALSE,"Female, 3 sutures,"
2382,2,37,1.65,A/F,L,869,870,,2,39,7,23,5682.04,3D6.001569C00E.,4,15,TRUE,FALSE,"Acoustic tag reused - same  PIT new code, was used twice, caught on a fly rod"
40,2,39,1.7,A/F,L,423,425,,4,45,3,47,9232.24,3D6.001569C00F,4,19,TRUE,FALSE,3 SUTURES
1970,3,43,1.8,A/F,B,67,,,,,7,8,8657,3D6.001569C010,,,FALSE,FALSE,"3m50 to go under, Removed Subcode as found in AcousticSinglePulseTags table to relate AcousticTagCode to All_Observations table"
3076,2,45.5,3.25,A/F,L,1626,2426,,10,0,5,54,7530.04,3D6.001569C011,4,15,TRUE,FALSE,long time to anesthetize
3055,1,46.5,2.7,A/F,L,1509,1510,,3,38,6,53,8314.31,3D6.001569C012,3,55,TRUE,FALSE,
3807,1,43,1.75,A/F,L,2601,2626,,2,8,5,7,5906.31,3D6.001569C012.,2,35,TRUE,FALSE,3 SUTURES - REUSED ACOUSTIC TAG NEW A/T NUMBER SAME PIT
2297,2,43,1.9,A/F,L,415,416,,4,22,4,39,8112.24,3D6.001569C013,1,44,TRUE,FALSE,2 sutures
2262,2,39,2.4,A/F,L,257,258,,7,10,4,30,5907.01,3D6.001569C014,,,TRUE,FALSE,
3006,1,50,4.2,A/F,L,1681,1682,,4,48,3,10,8762.04,3D6.001569C015,2,6,FALSE,FALSE,"2 sutures, bleeding some"
2247,1,41,1.75,A/F,L,232,233,,5,14,6,52,6921.06,3D6.001569C016,,,TRUE,FALSE,1129 Release Time
2298,2,45,4.25,A/F,L,409,410,,5,25,4,34,6214.04,3D6.001569C017,3,0,TRUE,FALSE,3 sutures
2325,3,44,2.7,A/F,L,534,535,,6,58,6,10,6998.04,3D6.001569C019,4,9,TRUE,FALSE,"Captured/released near RGD
3 sutures/tumor on nose"
2376,4,40,1.5,A/F,L,801,802,,5,20,5,44,6796.24,3D6.001569C01B,5,1,TRUE,FALSE,
2377,4,42.5,2.25,A/F,L,838,839,,7,32,4,42,5010.04,3D6.001569C01C,5,7,TRUE,FALSE,
2381,2,44.5,1.95,A/F,L,825,815,,3,18,3,49,8560.24,3D6.001569C01D,4,35,TRUE,FALSE,
2344,2,47,2.55,A/F,L,655,657,,5,5,5,56,5116.24,3D6.001569C01E,1,2,TRUE,FALSE,
2688,1,49.5,2.9,A/F,L,1460,1461,,2,55,5,45,6600.24,3D6.001569C01F,2,15,TRUE,FALSE,3 sutures
39,2,39.5,1.55,A/F,L,421,422,,3,14,4,47,6516.24,3D6.001569C021,5,17,TRUE,FALSE,3 SUTURES
2523,2,42.5,1.85,A/F,L,1860,1859,,1,39,7,20,5004.24,3D6.001569C022,3,51,TRUE,FALSE,3 Sutures
12,2,41,1.6,A/F,L,1076,1077,,2,11,3,47,8784.24,3D6.001569C023,2,20,TRUE,FALSE,
2260,2,45.5,2.75,A/F,L,248,250,,5,4,5,23,7705.06,3D6.001569C024,,,TRUE,FALSE,pit assumed part of A tag
2438,2,31.5,1.25,A/F,L,1804,1803,,4,15,4,52,7782.04,3D6.001569C025,6,13,TRUE,FALSE,3 suture
3184,2,37.5,1.85,A/F,L,2522,2523,,3,26,7,24,8707.15,3D6.001569C026,2,20,TRUE,FALSE,3 SUTURES
2334,2,45,4,A/F,L,562,563,,5,0,6,10,7278.04,3D6.001569C027,5,40,TRUE,FALSE,Female/ 3 sutures
2363,1,56,6.3,A/F,L,1294,1293,,8,35,5,30,5318.04,3D6.001569C028,10,10,FALSE,FALSE,
2798,1,42.5,1.8,A/F,L,1701,1702,,1,43,5,53,5256.24,3D6.001569C029,4,25,TRUE,FALSE,
2326,2,50,5.15,A/F,L,526,527,,4,10,5,45,5822.04,3D6.001569C02B,5,56,TRUE,FALSE,Captured/Released near IC1. 3 sutures.
3015,1,46.5,2.45,A/F,L,1700,1675,,1,45,6,13,9764.24,3D6.001569C02C,1,39,TRUE,FALSE,3 sutures
2364,4,41,1.6,A/F,L,1287,1288,,3,10,6,6,7244.24,3D6.001569C02D,11,3,TRUE,FALSE,
2365,1,42,2.2,A/F,L,1300,1299,,2,37,4,45,7524.24,3D6.001569C02E,3,10,TRUE,FALSE,3 suture
2479,2,35.5,1.5,A/F,L,1760,1761,,4,43,5,42,8958.04,3D6.001569C02F,1,19,TRUE,FALSE,
2402,2,41,1.5,A/F,L,246,247,,2,9,7,18,6544.24,3D6.001569C030,2,35,TRUE,FALSE,3 sutures
3011,2,39,1.55,A/F,L,1693,1695,,3,11,6,42,7552.24,3D6.001569C031,1,35,TRUE,FALSE,3 sutures
3088,2,45.5,4.2,A/F,L,2450,2376,,4,26,7,40,6970.04,3D6.001569C032,7,20,TRUE,FALSE,3 sutures/bleeding
2313,2,39.5,1.5,A/F,L,605,606,,1,45,6,13,7440.24,3D6.001569C033,3,3,TRUE,FALSE,
2299,2,42.5,2.95,A/F,L,413,414,,3,25,5,2,9708.24,3D6.001569C034,2,10,TRUE,FALSE,3 sutures
3053,1,41.5,1.8,A/F,L,1505,1506,,4,15,7,14,8874.31,3D6.001569C035,2,5,TRUE,FALSE,
2341,2,57.5,8.65,A/F,L,672,671,,4,14,8,18,9518.04,3D6.001569C036,3,42,TRUE,FALSE,3 sutures
42,2,43,2.1,A/F,L,420,326,,3,15,5,7,7468.24,3D6.001569C037,7,55,TRUE,FALSE,3 sutures
2446,2,42.5,1.75,A/F,L,1788,1787,,2,8,5,20,7720.24,3D6.001569C038,4,3,TRUE,FALSE,3 sutures
3113,1,45,2,A/F,L,2373,2374,,2,54,6,55,9014.31,3D6.001569C038.,3,39,TRUE,FALSE,3 SUTURES - PIT tag matched another acoustic tagged fish
3057,1,45.5,2.15,A/F,L,1513,1514,,1,48,6,52,6438.31,3D6.001569C039,3,50,TRUE,FALSE,
2206,1,44,1.7,A/F,L,137,,,2,55,6,48,9105.06,3D6.001569C03A,,,TRUE,FALSE,3 Sutures
3159,2,36,1.6,A/F,L,2543,2544,,4,35,7,37,6886.04,3D6.001569C03C,3,27,TRUE,FALSE,3 SUTURES
2410,1,44,1.75,A/F,L,1110,1111,,2,22,6,23,5872.24,3D6.001569C03D,4,11,TRUE,FALSE,
3264,3,38,2,A/F,L,2267,2269,,2,43,5,58,6999.15,3D6.001569C03E,4,0,TRUE,FALSE,
2328,4,40.5,2.8,A/F,L,552,553,,1,38,6,18,5066.04,3D6.001569C03F,6,32,TRUE,FALSE,3 sutures. Leasion on right operculum.
2300,2,65,13.1,A/F,L,405,406,,6,38,6,20,5710.04,3D6.001569C040,3,10,TRUE,FALSE,3 sutures
2273,2,44.5,2.35,A/F,L,307,308,,4,15,6,24,8601.06,3D6.001569C041,,,TRUE,FALSE,"female, 3 sutures"
3010,1,68.5,9.55,A/F,L,1691,1692,,4,12,4,16,5038.04,3D6.001569C043,2,47,FALSE,FALSE,3 sutures
2214,1,36.5,2,A/F,L,142,,,,,9,1,7055.01,3D6.001569C044,,,TRUE,FALSE,3 Sutures
2308,4,49,2.6,A/F,L,609,610,,4,18,7,27,9372.24,3D6.001569C045,2,25,TRUE,FALSE,
2359,4,41,1.55,A/F,L,1389,1390,,4,2,3,50,6012.24,3D6.001569C046,4,10,TRUE,FALSE,
3060,1,49.5,2.9,A/F,L,1517,1519,,4,50,7,45,6634.31,3D6.001569C047,5,15,TRUE,FALSE,bleeding
4164,1,40.5,1.55,A/F,L,3215,3216,,1,54,5,27,7838.31,3D6.001569C047.,1,13,TRUE,FALSE,Reused acoustic tag
2444,2,42,1.7,A/F,L,1818,1817,,2,44,6,3,8812.24,3D6.001569C048,4,15,TRUE,FALSE,3 sutures
2283,2,44,3.85,A/F,L,318,317,,2,55,5,55,9575.01,3D6.001569C04A,4,29,TRUE,FALSE,4:29 recovery
2366,1,49,4.2,A/F,L,1296,1295,,5,17,6,6,9070.04,3D6.001569C04B,3,36,FALSE,FALSE,surgery too high on fish
2335,2,38.5,3.45,A/F,L,560,561,,2,45,6,10,6018.04,3D6.001569C04D,6,5,TRUE,FALSE,female. 3 sutures
2792,1,42,1.75,A/F,L,1708,1709,,2,30,,,9260.24,3D6.001569C04F,,,FALSE,FALSE,
2309,4,47,2.55,A/F,L,607,608,,3,44,5,7,5228.24,3D6.001569C050,3,35,TRUE,FALSE,
2383,2,50.5,5.6,A/F,L,1325,875,,5,15,8,4,5150.04,3D6.001569C051,5,9,TRUE,FALSE,on a fly rod
3069,2,47.5,2.3,A/F,L,1639,1640,,3,50,5,53,7810.31,3D6.001569C053,4,21,TRUE,FALSE,3 sutures
3296,3,43.5,4.1,A/F,B,2469,2470,,6,20,5,45,6691.15,3D6.001569C054,7,15,TRUE,FALSE,4 SUTURES
3319,1,69,9.5,A/F,B,2475,2075,,5,55,6,43,9519.15,3D6.001569C055,7,18,FALSE,FALSE,3 SUTURES
2327,2,45,4,A/F,L,542,543,,2,53,6,40,6494.04,3D6.001569C056,7,19,TRUE,FALSE,Captured/released near IC1
2355,2,43,1.75,A/F,L,364,365,,5,23,9,20,9932.24,3D6.001569C057,3,0,TRUE,FALSE,needle too big (3-0)
2427,1,47,2.35,A/F,L,1926,1927,,2,55,4,12,9148.24,3D6.001569C058,3,52,TRUE,FALSE,3 sutures
3018,1,42,1.75,A/F,L,1669,1670,,2,52,5,53,7496.24,3D6.001569C05A,7,58,TRUE,FALSE,bleeding a lot
2472,2,50.5,3.95,A/F,L,1798,1797,,5,5,6,30,6158.04,3D6.001569C05B,5,43,TRUE,FALSE,
2445,2,41.5,1.7,A/F,L,1784,1783,,2,42,5,0,6404.24,3D6.001569C05C,1,4,TRUE,FALSE,3 sutures
2301,2,50,6.05,A/F,L,407,408,,5,37,4,45,9490.04,3D6.001569C05D,4,40,TRUE,FALSE,3 sutures
2302,2,46.5,2.65,A/F,L,401,402,,4,15,3,13,9876.24,3D6.001569C05E,3,2,TRUE,FALSE,2 sutures
2342,1,40.5,1.6,A/F,L,597,598,,3,0,6,34,8224.24,3D6.001569C05F,2,35,TRUE,FALSE,3 sutures
2207,1,45,2,A/F,L,149,,,1,50,6,1,8489.06,3D6.001569C060,,,TRUE,FALSE,3 Sutures
2310,4,39.5,1.65,A/F,L,616,617,,4,41,7,34,9792.24,3D6.001569C061,1,35,TRUE,FALSE,4 sutures
2683,1,50.5,2.8,A/F,L,1500,1778,,5,0,6,1,8504.24,3D6.001569C062,2,21,TRUE,FALSE,4 sutures
18,1,42,1.55,A/F,L,1084,1085,,4,30,7,50,8196.24,3D6.001569C063,6,30,TRUE,FALSE,
2005,2,41.5,1.55,A/F,L,73,,,,,5,29,6865.06,3D6.001569C064,,,FALSE,FALSE,This fish was recovered - mortality
2243,1,50,2.9,A/F,L,224,225,,3,36,3,37,7621.06,3D6.001569C065,,,TRUE,FALSE,1028 Release Time
2478,2,46,3.6,A/F,L,1758,1759,,3,14,4,17,6298.04,3D6.001569C066,1,51,TRUE,FALSE,
2685,1,45.5,2.4,A/F,L,1453,1454,,2,7,5,50,6572.24,3D6.001569C067,2,34,TRUE,FALSE,3 sutures
2473,2,41,1.7,A/F,L,1795,1796,,6,43,7,40,8476.24,3D6.001569C068,2,20,TRUE,FALSE,
11,2,45.5,3.25,A/F,L,851,852,,4,5,6,26,5570.04,3D6.001569C069,5,40,TRUE,FALSE,
2347,1,41,1.5,A/F,L,784,785,,4,51,7,32,6852.24,3D6.001569C06A,0,42,TRUE,FALSE,"N37°49.840 W121°33.556
3 sutures"
2003,2,41,1.65,A/F,L,71,,,,,7,1,7509,3D6.001569C06C,,,FALSE,FALSE,"3 sutures, Removed Subcode as found in AcousticSinglePulseTags table to relate AcousticTagCode to All_Observations table"
2343,4,42.5,1.95,A/F,L,578,579,,2,14,7,19,8056.24,3D6.001569C06D,1,35,TRUE,FALSE,male? 3 sutures
3073,1,41.5,1.75,A/F,L,1631,1632,,7,15,4,51,9770.31,3D6.001569C06E,2,52,TRUE,FALSE,Long time to anesthetize
2303,2,46.5,5.15,A/F,L,411,412,,7,30,4,20,9826.04,3D6.001569C06F,2,25,TRUE,FALSE,3 sutures
6067,1,53.5,3.4,A/F,L,3661,3662,,2,47,3,32,8854.16,3D6.001569C07B,5,1,FALSE,FALSE,3 sutures
2166,1,52,3.9,A/F,L,127,,,3,4,6,30,9189.06,3D6.001569C07C,,,TRUE,FALSE,4 sutures
3293,3,41.5,2.15,A/F,B,2462,2463,,4,17,7,30,5346.31,3D6.001569C07F,4,42,TRUE,FALSE,3 SUTURES
3339,2,43,1.6,A/F,L,2059,2060,,3,21,6,30,6186.31,3D6.001569C089,7,4,TRUE,FALSE,
4140,1,38,1.8,A/F,L,2709,2710,,2,17,7,12,8007.15,3D6.001569C08B,2,16,FALSE,FALSE,3 sutures
2146,3,53.5,3.25,A/F,L,118,,,,,5,4,7369.06,3D6.001569C094,,,TRUE,FALSE,
4087,3,47,2.25,A/F,L,3179,3180,,2,0,6,35,8902.31,3D6.001569C099,3,23,TRUE,FALSE,"3 SUTURES, BLEEDER"
6197,4,40,1.5,A/F,L,5355,5356,,4,40,5,36,8686.16,3D6.001569C09C,12,23,FALSE,FALSE,3 SUTURES
4331,1,40,1.5,A/F,L,2930,2931,,1,27,5,12,9686.31,3D6.001569C0A4,2,24,FALSE,FALSE,3 sutures
4581,2,39,2.1,A/F,L,4132,4133,,4,0,4,30,7629.26,3D6.001569C0A6,2,11,FALSE,FALSE,Female
6085,1,40,1.55,A/F,L,4612,4613,,8,20,3,9,6670.16,3D6.001569C0A8,1,54,FALSE,FALSE,aquiS was not mixed fully-- took longer to anesthetize
6101,2,41.5,1.7,A/F,L,4710,4711,,4,12,5,10,7678.16,3D6.001569C0A9,4,56,FALSE,FALSE,3 SUTURES
4363,1,44.5,2.2,A/F,L,3433,3434,,4,6,4,24,5934.31,3D6.001569C0B3,13,26,FALSE,FALSE,
3372,1,73,14,A/F,L,2191,2192,,3,15,7,20,9463.15,3D6.001569C0B5,4,40,FALSE,FALSE,3 SUTURES
4069,3,42,1.75,A/F,L,3156,3157,,1,33,4,56,8790.31,3D6.001569C0B6,1,43,TRUE,FALSE,3 SUTURES;BLEEDER
6191,2,44,2.05,A/F,L,5389,5390,,4,4,5,52,8154.16,3D6.001569C0BC,7,27,FALSE,FALSE,3 SUTURE
2133,3,50.5,3.3,A/F,L,107,,,,,6,57,5857.06,3D6.001569C0BE,,,TRUE,FALSE,"SEDATION 0:03, 3 sutures"
6243,1,39.5,1.5,A/F,L,5424,5425,,4,12,3,59,5858.16,3D6.001569C0C0,13,0,FALSE,FALSE,3 sutures
4063,3,41.5,1.75,A/F,L,3169,3170,,2,18,6,3,6102.31,3D6.001569C0C4,2,46,TRUE,FALSE,3 SUTURES;BLEEDER
6203,1,46.5,2.9,A/F,L,4888,4889,,4,37,5,50,9610.16,3D6.001569C0C9,5,57,FALSE,FALSE,
6235,1,45.5,2.5,A/F,L,5408,5409,,2,40,4,24,5242.16,3D6.001569C0CB,13,46,FALSE,FALSE,3 sutures
6262,2,45,2.35,A/F,L,4790,4791,,,,,,7286.16,3D6.001569C0D1,6,10,FALSE,FALSE,3 sutures
3787,1,41,1.6,A/F,B,2123,2124,,1,58,3,41,6326.31,3D6.001569C0D3,2,11,TRUE,FALSE,3 SUTURES
4149,3,33.5,0.8,A/F,L,3234,3235,,2,14,3,48,5648.11,3D9.1C2D234B2F,1,58,TRUE,FALSE,wounded from hook
4033,1,34,0.85,A/F,L,2667,2668,,2,59,3,7,7664.11,3D9.1C2D4DB87E,2,3,TRUE,FALSE,
4455,1,32.5,0.7,A/F,L,3034,3035,,1,2,2,51,9939.03,3D9.1C2D4DB9F0,5,14,FALSE,FALSE,
3416,1,32.5,0.6,A/F,L,2226,2126,,2,50,5,40,5088.11,3D9.1C2D4DBE30,2,28,TRUE,FALSE,
4144,1,41.5,1.35,A/F,L,2701,2702,,3,2,4,23,5284.11,3D9.1C2D4DBEB2,3,5,TRUE,FALSE,
3773,2,30,0.65,A/F,L,2145,2146,,3,26,4,43,8336.11,3D9.1C2D4DC03C,3,3,TRUE,FALSE,3 SUTURES
3367,5,32,0.75,A/F,L,2181,2182,,3,41,4,13,8924.11,3D9.1C2D4DC40F,1,56,TRUE,FALSE,2 SUTURES
4253,1,35.5,1.05,A/F,L,3525,3550,,1,19,4,22,5744.11,3D9.1C2D4DC523,5,0,TRUE,FALSE,Bleeder.
4352,1,36,1.15,A/F,L,3404,3406,,3,32,3,16,8280.11,3D9.1C2D4DCA37,3,59,FALSE,FALSE,
4261,1,36,1.05,A/F,L,3535,3536,,1,31,4,24,7132.11,3D9.1C2D4DCC1A,3,21,TRUE,FALSE,
4354,1,34,0.95,A/F,L,3401,3450,,3,12,3,27,9596.11,3D9.1C2D4DCD68,5,37,FALSE,FALSE,
3419,4,30.5,0.7,A/F,L,2131,2132,,1,52,4,28,9456.11,3D9.1C2D4DD0BD,2,50,TRUE,FALSE,
4382,1,35,1,A/F,L,3454,3455,,5,40,5,17,6859.03,3D9.1C2D4DD779,6,53,FALSE,FALSE,
4032,1,31,0.75,A/F,L,2665,2666,,1,23,3,37,7944.11,3D9.1C2D4DD86E,4,33,TRUE,FALSE,
3817,1,39.5,1.4,A/F,L,2699,2700,,2,31,4,55,5788.11,3D9.1C2D4DD8B9,2,18,TRUE,FALSE,
3370,2,29.5,0.55,A/F,L,2187,2188,,2,44,2,50,8756.11,3D9.1C2D4DD931,1,44,TRUE,FALSE,2 SUTURES
3418,4,30,0.6,A/F,L,2129,2130,,1,28,6,41,8168.11,3D9.1C2D4DD9AC,1,28,TRUE,FALSE,3 SUTURES
5853,1,35.5,1.55,A/F,L,4556,4557,,3,55,3,56,7769.26,3D9.1C2D4DDAAB,7,54,FALSE,FALSE,3 SUTURES
3774,2,37,1.15,A/F,L,2147,2148,,2,9,6,20,6964.11,3D9.1C2D4DDDFC,2,54,TRUE,FALSE,2 SUTURES
4351,1,36,1.15,A/F,L,3407,3408,,2,12,2,49,7300.11,3D9.1C2D4DDFEE,6,8,FALSE,FALSE,
5795,2,34,0.9,A/F,L,4475,4425,,3,14,6,42,5263.03,3D9.1C2D4DE1EB,2,17,FALSE,FALSE,
3359,1,33.5,0.9,A/F,L,2171,2172,,2,48,3,2,7972.11,3D9.1C2D4DE5CB,2,20,TRUE,FALSE,2 SUTURES
3371,2,36,1.05,A/F,L,2189,2190,,2,17,5,1,7580.11,3D9.1C2D4DE667,5,30,TRUE,FALSE,2 SUTURES
4052,1,34,1,A/F,L,3105,3106,,2,14,5,22,5654.31,3D9.1C2D4DE709,2,6,TRUE,FALSE,This acoustic tag code is for an LY tag - mistakenly programmed
3811,1,33.5,0.8,A/F,L,2631,2632,,2,2,3,42,9848.11,3D9.1C2D4DE7BA,3,38,TRUE,FALSE,2 sutures
4747,1,35,0.8,A/F,L,4255,4256,,1,25,3,58,6411.03,3D9.1C2D4DEE88,2,57,FALSE,FALSE,
4626,1,36,1.05,A/F,L,4178,4179,,4,2,5,24,9211.03,3D9.1C2D4DEFA5,6,20,FALSE,FALSE,
3813,1,34,1,A/F,L,2636,2635,,2,17,3,30,6320.11,3D9.1C2D605FDD,2,16,TRUE,FALSE,2 sutures
4147,3,35.5,1.15,A/F,L,3230,3231,,1,56,4,35,8616.11,3D9.1C2D605FF1,3,21,TRUE,FALSE,2 puncture wounds proximal to head on the ventral side
5874,1,35.3,1.55,A/F,L,3618,3620,,3,18,5,12,7909.26,3D9.1C2D607971,5,24,FALSE,FALSE,3 SUTURES
5796,2,35,1.1,A/F,L,4473,4474,,1,49,4,10,9771.03,3D9.1C2D6080CB,3,3,FALSE,FALSE,
4350,1,33.5,0.85,A/F,L,3409,3410,,4,15,4,1,5340.11,3D9.1C2D711F00,6,47,FALSE,FALSE,
4357,2,39.5,1.45,A/F,L,3580,3581,,3,57,3,14,6096.11,3D9.1C2D713D42,4,37,FALSE,FALSE,
5744,2,34,1.05,A/F,L,4433,4434,,2,40,3,16,6831.03,3D9.1C2D71442F,2,31,FALSE,FALSE,
4035,1,35.5,1,A/F,L,2671,2672,,1,58,3,10,5312.11,3D9.1C2D7146EC,2,25,TRUE,FALSE,
3361,1,31,0.7,A/F,L,2175,2176,,3,41,3,29,8000.11,3D9.1C2DB50DD,2,48,TRUE,FALSE,2 SUTURES
4381,1,33,0.85,A/F,L,3456,3457,,6,55,5,29,6299.03,3D9.1C2DB87D97,4,27,FALSE,FALSE,
6010,4,41.5,1.75,A/F,L,4028,4029,,4,11,2,59,8994.16,3D9.1C2DB87DFC,2,47,FALSE,FALSE,3 SUTURES
4492,1,37,1.1,A/F,L,3814,3815,,3,45,3,44,6803.03,3D9.1C2DB87E0A,1,48,FALSE,FALSE,
4676,1,34.5,0.7,A/F,L,3711,3712,,4,25,2,56,9547.03,3D9.1C2DB882EA,1,59,FALSE,FALSE,
4487,1,39.5,1.4,A/F,L,3824,3825,,3,59,6,33,8203.03,3D9.1C2DB88313,4,10,FALSE,FALSE,3 SUTURES
5802,1,38,1.25,A/F,L,4463,4464,,2,28,4,3,9267.03,3D9.1C2DB883EC,2,28,FALSE,FALSE,
4065,3,33,0.85,A/F,L,3167,3168,,1,43,4,18,9288.11,3D9.1C2DB88545,1,26,TRUE,FALSE,3 SUTURES
4029,4,29,0.6,A/F,L,2659,2660,,1,42,5,37,6348.11,3D9.1C2DB88C2E,2,0,TRUE,FALSE,
5811,1,27,0.55,A/F,L,4479,4480,,1,29,3,44,6719.03,3D9.1C2DB88D69,1,28,FALSE,FALSE,"2 sutures, LG tag may be dead"
4362,1,36,1.05,A/F,L,3438,3439,,4,26,3,22,5508.11,3D9.1C2DB88D7E,12,26,FALSE,FALSE,
4672,1,34.5,0.65,A/F,L,3703,3704,,3,46,4,42,5879.03,3D9.1C2DB88E04,4,9,FALSE,FALSE,
5695,4,36,1.2,A/F,L,4368,4369,,1,57,4,56,9743.03,3D9.1C2DB88E11,2,42,FALSE,FALSE,
4034,1,41,1.45,A/F,L,2669,2670,,2,29,3,24,8252.11,3D9.1C2DB8975D,2,22,TRUE,FALSE,
5427,4,32,0.7,A/F,L,4321,4322,,1,27,4,43,8819.03,3D9.1C2DB898BC,2,57,FALSE,FALSE,
6040,1,42,2.35,A/F,L,3691,3692,,4,50,5,47,9897.26,3D9.1C2DB89A22,6,4,FALSE,FALSE,3 SUTURES
5688,1,31.5,0.75,A/F,L,4329,4330,,3,6,4,3,6579.03,3D9.1C2DB89A2D,3,16,FALSE,FALSE,2 SUTURES
4751,1,35,0.9,A/F,L,4296,4297,,1,27,3,49,7027.03,3D9.1C2DB89A42,4,6,FALSE,FALSE,
4151,3,36,1.25,A/F,L,3238,3239,,1,58,4,11,6460.11,3D9.1C2DB89F3E,1,54,TRUE,FALSE,
4631,1,34,0.85,A/F,L,4167,4168,,4,49,4,38,6551.03,3D9.1C2DB8A41D,2,27,FALSE,FALSE,
4629,1,32.5,0.8,A/F,L,4171,4172,4173,2,56,5,47,5039.03,3D9.1C2DB8A550,3,25,FALSE,FALSE,
3805,2,33,0.85,A/F,L,2604,2605,,3,2,5,10,6488.11,3D9.1C2DB8A578,2,30,TRUE,FALSE,
5435,4,32.5,0.8,A/F,L,4320,4319,,1,59,3,46,9435.03,3D9.1C2DB8A741,2,46,FALSE,FALSE,
4488,1,36.5,1.1,A/F,L,3822,3823,,3,27,4,44,5179.03,3D9.1C2DB8B559,2,45,FALSE,FALSE,
4491,1,38,1.25,A/F,L,3816,3817,,3,22,4,21,9323.03,3D9.1C2DB8BA54,4,30,FALSE,FALSE,
5810,1,27,0.5,A/F,L,4477,4478,,3,39,4,1,5963.03,3D9.1C2DB8BA60,2,4,FALSE,FALSE,"2 sutures, LG tag may be dead"
4634,1,34.5,0.9,A/F,L,4161,4162,,3,19,3,13,8791.03,3D9.1C2DB8BA8B,6,43,FALSE,FALSE,2 sutures
4037,1,30.5,0.6,A/F,L,2675,3126,,1,12,3,33,5732.11,3D9.1C2DB8BFC1,6,30,TRUE,FALSE,
4049,1,34.5,1,A/F,L,3149,3150,,1,49,6,34,7558.31,3D9.1C2DB8C132,1,40,TRUE,FALSE,This acoustic tag code is for an LY tag - mistakenly programmed
4360,1,32.5,0.7,A/F,L,3442,3443,,4,15,3,3,6264.11,3D9.1C2DB8C8C5,8,12,FALSE,FALSE,
4746,1,32.5,0.65,A/F,L,4257,4258,,2,18,4,14,5011.03,3D9.1C2DB8CA68,2,57,FALSE,FALSE,Bleeder
4532,1,33,0.85,A/F,L,3783,3784,,2,38,3,15,7419.03,3D9.1C2DB8CE32,6,27,FALSE,FALSE,
4059,3,36.5,1.2,A/F,L,3123,3124,,4,2,5,20,6236.11,3D9.1C2DB8D061,3,10,TRUE,FALSE,3 SUTURES
4031,1,38,1.25,A/F,L,2663,2664,,4,51,3,41,5452.11,3D9.1C2DB8D730,3,32,TRUE,FALSE,
5812,1,41.5,1.55,A/F,L,4481,4482,,2,11,5,37,8098.16,3D9.1C2DB8DC28,5,6,FALSE,FALSE,3 sutures
4689,1,36,0.85,A/F,L,3717,3718,,1,28,4,4,9827.03,3D9.1C2DB8DC43,3,57,FALSE,FALSE,3 SUTURES
4456,1,32,0.65,A/F,L,3032,3033,,2,56,3,18,6019.03,3D9.1C2DB8DE79,5,51,FALSE,FALSE,
4376,2,36.5,1.1,A/F,L,3464,3465,,6,7,4,10,8063.03,3D9.1C2DB8DE82,8,22,FALSE,FALSE,
3420,2,32.5,0.75,A/F,L,2133,2134,,1,30,4,58,8084.11,3D9.1C2DB8E8C0,4,28,TRUE,FALSE,
4417,1,35.5,0.95,A/F,L,2557,2558,,4,49,3,10,5851.03,3D9.1C2DB8EA23,3,43,FALSE,FALSE,2 sutures
4388,3,34,0.7,A/F,L,3493,3494,,1,39,3,28,8231.03,3D9.1C2DB8EC09,6,35,FALSE,FALSE,
5962,1,48.5,2.4,A/F,L,4014,4015,,2,54,3,34,7510.16,3D9.1C2DB8F134,4,7,FALSE,FALSE,3 SUTURES
4452,1,35.5,0.9,A/F,L,3040,3041,,4,15,3,13,7531.03,3D9.1C2DB8F247,8,16,FALSE,FALSE,
4750,1,35.5,0.85,A/F,L,4298,4300,,1,17,4,40,9351.03,3D9.1C2DB8F276,3,2,FALSE,FALSE,
4260,1,39,1.3,A/F,L,3537,3539,,1,38,4,1,9092.11,3D9.1C2DB8F27F,1,55,TRUE,FALSE,
4712,1,30.5,0.6,A/F,L,4265,4266,,1,30,3,7,5375.03,3D9.1C2DB8F62F,3,54,FALSE,FALSE,
4530,3,34,0.95,A/F,L,3787,3788,,5,34,2,37,7223.03,3D9.1C2DB8F7DC,3,35,FALSE,FALSE,
5438,4,35,0.9,A/F,L,4317,4318,,1,46,4,51,8483.03,3D9.1C2DB8F7F8,1,50,FALSE,FALSE,
4392,1,41,1.4,A/F,L,3485,3486,,3,11,3,40,5123.03,3D9.1C2DB8F84F,2,37,FALSE,FALSE,FISH WAS STILL RECOVERING WHEN IT SLIPPED FROM RECOVERY NET
4627,1,31.5,0.65,A/F,L,4176,4177,,1,59,6,23,8539.03,3D9.1C2DB8FDE7,2,40,FALSE,FALSE,
6090,1,34.5,1.7,A/F,L,4622,4623,,4,23,3,40,9309.26,3D9.1C2DB90377,4,14,FALSE,FALSE,
4753,1,35,0.85,A/F,L,4291,4292,,1,20,4,7,6607.03,3D9.1C2DB903A6,2,17,FALSE,FALSE,
4418,1,33,0.8,A/F,L,2559,2560,,3,20,2,34,6663.03,3D9.1C2DB903B8,5,14,FALSE,FALSE,2 sutures
5673,2,34.5,0.9,A/F,L,4301,4302,,2,24,2,10,8511.03,3D9.1C2DB90414,1,20,FALSE,FALSE,2 sutures
3417,4,32,0.8,A/F,L,2127,2128,,2,8,5,47,8448.11,3D9.1C2DB905A9,1,41,TRUE,FALSE,"Bleeding on incision, 3 sutures"
4749,1,33.5,0.55,A/F,L,4251,4252,,1,52,3,58,9155.03,3D9.1C2DB905AA,4,14,FALSE,FALSE,
4628,1,32,0.7,A/F,L,4174,4175,,1,35,3,58,5571.03,3D9.1C2DB905B2,4,25,FALSE,FALSE,
4262,1,36.5,1,A/F,L,3533,3534,,2,38,3,29,5200.11,3D9.1C2DB9140C,3,29,TRUE,FALSE,
3806,1,31.5,0.75,A/F,L,2602,2603,,4,59,3,32,5592.11,3D9.1C2DB9140E,1,40,TRUE,FALSE,2 sutures
4259,1,38,1.15,A/F,L,3540,3541,,3,7,4,47,9176.11,3D9.1C2DB92683,1,6,TRUE,FALSE,
4057,1,38,1.3,A/F,L,3117,3118,,2,32,4,41,7866.31,3D9.1C2DB92E02,1,54,TRUE,FALSE,Acoustic tag programmed incorrectly - LG fish with LY code
4146,3,35,1,A/F,L,3228,3229,,3,4,3,39,9680.11,3D9.1C2DB92E0B,1,8,TRUE,FALSE,
4387,3,34,0.7,A/F,L,3495,3496,,4,10,4,27,5683.03,3D9.1C2DB93783,4,20,FALSE,FALSE,3 SUTURES
4153,3,37.5,1.1,A/F,L,3242,3243,,1,42,4,21,5704.11,3D9.1C2DB93963,2,26,TRUE,FALSE,
4673,1,30.5,0.5,A/F,L,3705,3706,,1,50,3,16,9659.03,3D9.1C2DB939A8,0,38,FALSE,FALSE,DROPPED FROM NET DURING RECOVERY
4633,1,37,1.1,A/F,L,4163,4164,,4,32,2,49,7783.03,3D9.1C2DB940DC,3,22,FALSE,FALSE,2 sutures
4148,3,32,0.8,A/F,L,3232,3233,,1,17,3,16,5536.11,3D9.1C2DB944B7,2,16,TRUE,FALSE,
5813,3,28.5,0.5,A/F,L,4483,4484,,2,13,3,42,8987.03,3D9.1C2DB94FD9,2,32,FALSE,FALSE,"2 sutures, LG tag may be dead"
3810,1,36.5,1,A/F,L,2630,2629,,2,35,3,50,5620.11,3D9.1C2DB950B3,3,44,TRUE,FALSE,
4416,1,33.5,0.95,A/F,L,2966,2967,,3,50,4,17,5487.03,3D9.1C2DB950DE,7,5,FALSE,FALSE,
3812,1,30,0.7,A/F,L,2633,2634,,2,6,,,8420.11,3D9.1C2DB95380,2,32,TRUE,FALSE,2 sutures
6164,2,37,1.85,A/F,L,4859,4860,,4,59,4,44,5641.26,3D9.1C2DB955EC,7,29,FALSE,FALSE,
3368,4,32.5,0.8,A/F,L,2183,2184,,4,30,6,25,6124.11,3D9.1C2DB9601F,1,52,TRUE,FALSE,2 SUTURES
5747,3,41,1.25,A/F,L,4406,4407,,2,0,3,57,7503.03,3D9.1C2DB9608C,2,12,FALSE,FALSE,2 sutures
4714,1,39.5,1.25,A/F,L,4263,4264,,3,51,3,1,8147.03,3D9.1C2DB967A6,6,48,FALSE,FALSE,
5815,2,35,1,A/F,L,4485,4486,,4,45,3,9,8371.03,3D9.1C2DB9799C,1,56,FALSE,FALSE,The LG tag in fish #1 is probably dead
5746,3,33.5,0.95,A/F,L,4404,4405,,3,35,4,25,6439.03,3D9.1C2DB97A74,4,30,FALSE,FALSE,2 sutures
4252,1,41,1.55,A/F,L,3523,3524,,3,7,5,50,7272.11,3D9.1C2DB98647,5,10,TRUE,FALSE,
4048,1,31.5,0.75,A/F,L,3147,3148,,2,26,7,45,7222.31,3D9.1C2DB98B41,2,51,TRUE,FALSE,This acoustic tag code is for an LY tag - mistakenly programmed
4688,1,30.5,0.5,A/F,L,3716,3715,,1,56,2,45,9407.03,3D9.1C2DB98B51,1,45,FALSE,FALSE,
4454,1,32,0.65,A/F,L,3036,3037,,1,10,3,12,7251.03,3D9.1C2DB9947F,5,33,FALSE,FALSE,
5745,2,32.5,0.8,A/F,L,4401,4403,,0,57,3,16,7559.03,3D9.1C2DB995D6,3,44,FALSE,FALSE,
4490,1,29.5,0.6,A/F,L,3818,3819,,4,47,5,12,8567.03,3D9.1C2DB99E9E,1,55,FALSE,FALSE,
4257,1,34.5,1,A/F,L,3544,3545,,1,30,3,58,8840.11,3D9.1C2DB99F89,2,53,TRUE,FALSE,
4748,1,31,0.65,A/F,L,4253,4254,,,47,4,24,8399.03,3D9.1C2DB9A10E,2,34,FALSE,FALSE,
5896,2,41.5,1.6,A/F,L,3960,3961,,2,55,5,3,9246.16,3D9.1C2DB9AC34,4,29,FALSE,FALSE,3 SUTURES
5426,4,31,0.7,A/F,L,4323,4324,,2,47,3,32,7727.03,3D9.1C2DB9AF57,2,29,FALSE,FALSE,
3363,1,30,0.6,A/F,L,2179,2180,,2,15,4,20,8644.11,3D9.1C2DB9AF58,3,30,TRUE,FALSE,3 SUTURES
2441,2,31,0.85,A/F,L,1809,1810,,2,25,3,20,6747.07,3D9.239F883703,2,46,TRUE,FALSE,
2351,2,36.5,1.05,A/F,L,362,363,,4,13,11,39,5039.07,3D9.239F883716,3,50,TRUE,FALSE,
6121,2,46,2.65,A/F,L,3680,3686,,1,52,3,45,9890.16,3D9.239F8837ED,4,2,FALSE,FALSE,3 SUTURES
6158,2,41,1.8,A/F,L,4649,4700,,3,10,6,0,6698.16,3D9.239F88380F,3,42,FALSE,FALSE,
2400,2,31,0.7,A/F,L,949,948,,3,39,5,8,7727.07,3D9.239F88383D,3,27,TRUE,FALSE,"damaged left eye, released close to IC1"
4078,3,42.5,1.75,A/F,L,3195,3196,,2,50,6,38,9154.31,3D9.239F88387D,1,27,FALSE,FALSE,3 SUTURES
3179,1,41,1.6,A/F,L,1580,1581,,3,9,7,19,8566.31,3D9.239F88387F,1,7,TRUE,FALSE,3 SUTURES
4759,3,35.5,1.55,A/F,L,4286,4287,,4,57,4,5,6285.26,3D9.239F883897,5,10,FALSE,FALSE,"Lesions on tail, 3 sutures; male"
3785,1,71,13.5,A/F,B,2119,2120,,1,46,3,36,5627.15,3D9.239F8838A1,1,8,FALSE,FALSE,LEFT HOOK INSIDE
4366,1,75,11.6,A/F,L,3428,3429,,3,15,3,55,7418.31,3D9.239F8838CF,7,52,FALSE,FALSE,3 SUTURES
2442,2,24.5,0.65,A/F,L,1811,1812,,1,45,2,40,7615.07,3D9.239F8838EA,2,40,TRUE,FALSE,
3093,1,29.5,0.6,A/F,L,2385,2386,,3,33,5,50,7384.11,3D9.239F883961,3,30,TRUE,FALSE,
6221,2,35.5,1.6,A/F,L,5447,5448,,4,32,7,9,7461.26,3D9.239F88398F,7,35,FALSE,FALSE,FEMALE
2423,1,31.5,0.6,A/F,B,2000,1925,,2,35,3,23,8987.07,3D9.239F8839DA,1,31,TRUE,FALSE,
2369,4,30,0.65,A/F,L,1262,1263,,1,45,4,40,5879.07,3D9.239F883A91,1,9,TRUE,FALSE,
2356,2,38,1.2,A/F,L,366,367,,4,45,6,2,9211.07,3D9.239F883B01,2,37,TRUE,FALSE,3 sutures used
4637,2,40.5,2.65,A/F,L,4152,4153,,8,31,4,31,9869.26,3D9.239F883B17,5,0,FALSE,FALSE,3 sutures
6245,1,40,1.55,A/F,L,4752,4753,,3,5,4,2,6838.16,3D9.239F883B48,10,16,FALSE,FALSE,3 sutures
4403,1,41,1.7,A/F,L,2985,2986,,4,0,4,37,8910.16,3D9.239F883B56,5,7,FALSE,FALSE,3 SUTURES
6184,1,41.45,2,A/F,L,5380,5381,,4,10,3,46,9470.16,3D9.239F883BA6,9,31,FALSE,FALSE,3 SUTURES
4527,3,44,1.9,A/F,L,3791,3792,,3,50,5,35,6614.16,3D9.239F883BB0,6,35,FALSE,FALSE,Immature female; 3 sutures
4423,1,47,2.3,A/F,L,2569,2570,,1,45,2,0,5074.16,3D9.239F883BBA,5,33,FALSE,FALSE,3 SUTURES
6181,2,41.5,1.65,A/F,L,4892,4893,,3,14,5,28,7622.16,3D9.239F883BD4,7,18,FALSE,FALSE,3 SUTURES
4310,1,44,2,A/F,L,3364,3365,,2,39,3,49,9574.31,3D9.239F883C2F,7,0,FALSE,FALSE,3 Sutures
2404,2,37,1.05,A/F,L,939,940,,1,51,7,53,8511.07,3D9.239F883C39,3,8,TRUE,FALSE,2 sutures
2370,4,27.5,0.45,A/F,L,1260,1261,,1,0,3,38,9547.07,3D9.239F883C47,1,5,TRUE,FALSE,
4699,2,40.5,1.5,A/F,L,3732,3733,,1,36,4,45,9134.16,3D9.239F883C64,3,16,FALSE,FALSE,3 SUTURES
4441,2,43,3.25,A/F,L,3012,3013,,6,27,4,3,9729.26,3D9.239F883CCF,3,27,FALSE,FALSE,EGGS PRESENT; 3 SUTURES
6185,1,42.5,1.95,A/F,L,5382,5383,,2,18,3,50,7006.16,3D9.239F883CD0,3,39,FALSE,FALSE,
6027,1,40.5,1.55,A/F,L,3682,3683,,2,11,4,25,5998.16,3D9.239F883CDE,5,2,FALSE,FALSE,
4593,2,38,2,A/F,L,4148,4149,,3,41,4,3,8637.26,3D9.239F883D1C,2,56,FALSE,FALSE,Female
4539,2,39.5,2.2,A/F,L,3856,3857,,6,33,4,14,8217.26,3D9.239F883D78,7,52,FALSE,FALSE,"FEMALE WITH 
EGGS"
5739,3,45,1.8,A/F,L,4441,4442,,1,47,5,46,9022.16,3D9.239F883D7C,3,39,FALSE,FALSE,3 SUTURES
3344,1,65,8.7,A/F,B,2046,2268,,2,30,8,17,6131.15,3D9.239F883E74,5,45,FALSE,FALSE,BLEEDING FROM MOUTH WOUND (HOOK)
2405,2,32,0.7,A/F,L,929,931,,1,18,6,8,6579.07,3D9.239F883F7C,3,10,TRUE,FALSE,2 sutures
3061,1,28.5,0.6,A/F,L,1520,1521,,3,8,5,48,8700.11,3D9.239F883F9F,5,45,TRUE,FALSE,
4177,1,41,1.65,A/F,L,2760,2761,,2,0,5,7,6242.31,3D9.239F88408F,2,48,TRUE,FALSE,3 Sutures
2799,1,36,1.15,A/F,L,1677,1676,,,49,4,52,8875.07,3D9.239F884091,4,15,TRUE,FALSE,
4393,1,35.5,0.9,A/F,L,3483,3484,,5,39,2,55,9127.03,3D9.239F8840E9,8,20,FALSE,FALSE,TORN OPERCULUM
2360,4,30,0.65,A/F,L,372,1399,,3,18,3,42,8791.07,3D9.239F884164,5,3,TRUE,FALSE,
2385,2,34,0.9,A/F,L,908,909,,2,45,8,52,7027.07,3D9.239F88416E,2,19,TRUE,FALSE,
2403,2,37.5,1.2,A/F,L,941,942,,3,59,7,53,8819.07,3D9.239F884320,5,12,TRUE,FALSE,2 sutures
4663,1,70.7,11.05,A/F,L,4209,4210,,2,25,4,50,6530.16,3D9.239F8847D7,5,22,FALSE,FALSE,
5883,4,43,1.8,A/F,L,4586,4587,,4,48,3,25,5802.16,3D9.239F884C03,2,15,FALSE,FALSE,
4591,2,45,2.8,A/F,L,4147,4146,,3,0,4,9,9302.16,3D9.239F884C05,2,4,FALSE,FALSE,Humpbacked male
4061,3,34.5,1.1,A/F,L,3125,3175,,2,20,5,3,8896.11,3D9.239F884C10,1,46,TRUE,FALSE,RIGHT DORSAL SIDE HAS LESION
3356,1,70.5,9.65,A/F,B,2165,2166,,6,8,6,52,6971.15,3D9.239F884C30,5,37,FALSE,FALSE,3 SUTURES
3007,1,37,1.05,A/F,L,1684,1685,,2,23,5,43,9491.07,3D9.239F884CA2,1,40,TRUE,FALSE,
4056,1,40.5,1.65,A/F,L,3115,3116,,7,33,8,50,7636.11,3D9.239F884CBC,5,55,TRUE,FALSE,Acoustic tag programmed incorrectly - LY fish with LG code
3064,1,40,1.4,A/F,L,1649,1650,,4,1,5,17,9512.11,3D9.239F884CCE,3,40,TRUE,FALSE,
3320,1,66,8.2,A/F,B,2073,2074,,5,8,5,30,6943.15,3D9.239F884CD8,5,6,FALSE,FALSE,3 SUTURES
2401,2,35.5,1,A/F,L,946,947,,0,34,4,31,8483.07,3D9.239F884CE1,2,57,TRUE,FALSE,RELEASED NEAR IC3
3062,1,37.5,1.25,A/F,L,1523,1524,,3,25,6,10,6684.11,3D9.239F884D0B,5,10,TRUE,FALSE,
3298,1,51.5,3.2,A/F,L,2042,2043,,4,16,7,53,9210.31,3D9.239F884D0E,2,40,TRUE,FALSE,MALE
2378,4,35.5,1.05,A/F,L,831,832,,4,14,3,49,5375.07,3D9.239F884D14,8,30,TRUE,FALSE,
6042,1,44.5,2,A/F,L,3693,3694,,2,6,8,6,7090.16,3D9.239F884D38,7,29,FALSE,FALSE,"3 SUTURES - BODY CAVITY VERY FULL, SUTURES WERE DIFFICULT TO TIGHTEN"
2443,2,30.5,0.7,A/F,L,1813,1814,,2,20,2,56,5431.07,3D9.239F884D46,3,18,TRUE,FALSE,
2406,2,38,1,A/F,L,937,938,,3,10,8,5,9435.07,3D9.239F884D86,2,32,TRUE,FALSE,2 sutures
2361,4,33,0.9,A/F,L,368,369,,4,20,4,18,8539.07,3D9.239F884D9F,5,44,TRUE,FALSE,
2371,2,35.5,0.9,A/F,L,1258,1259,,1,15,4,10,9659.07,3D9.239F884DAD,1,20,TRUE,FALSE,
6089,1,38.5,1.8,A/F,L,4620,4621,,3,30,5,4,5053.26,3D9.239F884DD9,3,20,FALSE,FALSE,
3086,2,31.5,0.7,A/F,L,2446,2447,,4,49,6,1,7832.11,3D9.239F884DE6,6,7,TRUE,FALSE,
3818,1,46.5,2.25,A/F,L,2694,2692,,1,20,6,49,5738.31,3D9.239F884E4B,2,6,TRUE,FALSE,3 sutures
5684,2,43.5,2.8,A/F,L,4335,4336,,5,55,2,41,9141.26,3D9.239F884E4C,5,0,FALSE,FALSE,Has scar on belly (ventral.) 3 sutures.
6256,2,37.5,1.95,A/F,L,4774,4775,,4,38,4,0,8777.26,3D9.239F884E52,16,30,FALSE,FALSE,3 sutures
4098,3,43,1.85,A/F,L,2839,2838,,1,45,7,50,9798.31,3D9.239F884E84,12,1,TRUE,FALSE,3 SUTURES
4385,999,44,2.75,A/F,N/R,3499,3500,,5,51,6,51,8133.26,3D9.239F884E9F,6,38,FALSE,FALSE,Catfish previously captured and held at FSB
2447,2,36.5,1.15,A/F,B,1793,1794,,2,47,5,40,5991.07,3D9.239F884EAB,2,2,TRUE,FALSE,
4618,1,47,2.8,A/F,L,4193,4194,,2,41,5,26,5837.26,3D9.239F884EF2,3,9,FALSE,FALSE,3 SUTURES
5866,1,54.5,3.5,A/F,L,3601,3602,,3,5,4,6,6894.16,3D9.239F884F67,5,11,FALSE,FALSE,BIT OF BLOOD; 3 SUTURES
2386,4,38,1.3,A/F,L,922,923,,2,12,6,9,6411.07,3D9.239F884F8E,4,28,TRUE,FALSE,
6192,2,38.5,1.7,A/F,L,5387,5388,,4,33,3,34,5690.16,3D9.239F884F90,5,48,FALSE,FALSE,2 SUTURES
4436,1,45,2.1,A/F,L,3020,3021,,7,2,3,30,7846.16,3D9.239F885016,8,31,FALSE,FALSE,3 SUTURES
3232,1,58.5,4.65,A/F,L,2291,2292,,4,3,7,11,7670.31,3D9.239F88503B,3,58,TRUE,FALSE,
4270,1,36.5,1.7,A/F,L,3345,3346,,3,1,5,26,9855.15,3D9.239F88505A,2,50,FALSE,FALSE,3 sutures
5908,4,54.5,4.15,A/F,L,3984,3985,,2,52,6,37,7174.16,3D9.239F885089,6,55,FALSE,FALSE,MALE; 3 SUTURES
5957,2,37.5,1.9,A/F,L,4002,4003,,4,38,4,8,6621.26,3D9.239F8850B1,2,53,FALSE,FALSE,3 SUTURES
2485,2,33,0.75,A/F,L,1426,1427,,3,47,3,42,8595.07,3D9.239F8850C1,1,11,TRUE,FALSE,
6247,2,35,1.5,A/F,L,4756,4757,,3,30,5,19,5025.26,3D9.239F8850D4,12,34,FALSE,FALSE,3 sutures
4523,1,55,4.6,A/F,L,3799,3800,,5,51,6,13,5445.26,3D9.239F8850E4,4,26,FALSE,FALSE,3 Sutures
4711,1,43,1.7,A/F,L,4267,4268,,4,31,3,20,5438.16,3D9.239F88512C,5,0,FALSE,FALSE,
4411,1,39,1.6,A/F,L,2974,2975,,3,39,4,15,6145.26,3D9.239F885178,3,0,FALSE,FALSE,FEMALE WITH EGGS; 3 SUTURES
4300,2,41.5,2.6,A/F,L,3394,3395,,7,11,4,28,6495.15,3D9.239F88518C,8,53,FALSE,FALSE,4 sutures
5967,1,45,2.25,A/F,L,4024,4025,,2,38,4,4,5270.16,3D9.239F8851C8,2,16,FALSE,FALSE,
6139,2,42,1.9,A/F,L,4664,4665,,3,27,4,44,7034.16,3D9.239F8851E0,6,45,FALSE,FALSE,3 SUTURES
5743,2,40,1.7,A/F,L,4435,4436,,3,5,4,53,8042.16,3D9.239F885241,4,32,FALSE,FALSE,2 sutures
4302,4,35,1.55,A/F,L,3398,3399,,4,36,3,29,5739.15,3D9.239F885247,5,50,FALSE,FALSE,3 sutures
5728,2,41.5,2,A/F,L,4381,4382,,8,39,3,55,6649.26,3D9.239F885258,3,52,FALSE,FALSE,3 SUTURES
3082,1,36.5,1.1,A/F,L,2437,2438,,2,43,4,36,6628.11,3D9.239F885259,6,36,TRUE,FALSE,
4394,1,43.5,2,A/F,L,3481,3482,,2,46,6,7,8882.16,3D9.239F885261,7,48,FALSE,FALSE,3 SUTURES
6074,1,44,2.05,A/F,L,3667,3668,,3,15,3,40,8350.16,3D9.239F88528B,3,12,FALSE,FALSE,3 sutures
3080,1,30,0.65,A/F,L,2435,2436,,3,40,4,20,6376.11,3D9.239F88528F,5,2,TRUE,FALSE,
4175,1,41.5,1.75,A/F,L,2764,2765,,1,43,6,24,5990.31,3D9.239F8852C0,2,52,TRUE,FALSE,Female; 3 sutures
4638,2,37.5,1.8,A/F,L,4151,4250,,9,4,4,38,7685.26,3D9.239F88530A,6,29,FALSE,FALSE,3 sutures; female
4266,1,46.5,2.4,A/F,L,2773,3532,,2,21,4,33,8426.31,3D9.239F88531C,2,1,FALSE,FALSE,3 sutures
4448,1,41,1.5,A/F,L,3048,3049,,1,38,4,30,7258.16,3D9.239F88533A,7,16,FALSE,FALSE,3 SUTURES
2428,2,37.5,1.45,A/F,L,1943,1942,,3,49,6,11,5963.07,3D9.239F885341,3,31,TRUE,FALSE,
4653,2,41.5,2.85,A/F,L,4232,4233,,5,48,4,13,9673.26,3D9.239F885349,6,2,FALSE,FALSE,3 sutures
2433,2,38.5,1.15,A/F,L,1863,1864,,5,7,5,33,5067.07,3D9.239F885366,1,30,TRUE,FALSE,
5805,1,41,1.6,A/F,L,4454,4457,,1,31,4,7,5326.16,3D9.239F88537D,4,5,FALSE,FALSE,3 sutures
2786,1,36.5,1.2,A/F,L,1716,1717,,4,0,4,24,9603.07,3D9.239F885399,5,2,TRUE,FALSE,
4386,999,66,6.45,A/F,N/R,3497,3498,,8,21,6,40,7321.26,3D9.239F8853BD,6,35,FALSE,FALSE,Catfish previously captured and held at FSB
3091,1,43.5,2,A/F,L,2381,2382,,3,31,5,31,8174.31,3D9.239F8853E3,3,26,TRUE,FALSE,4 sutures
4396,1,41,1.5,A/F,L,3477,3478,,5,27,4,30,8798.16,3D9.239F885407,8,46,FALSE,FALSE,3 SUTURES
5700,4,,2.2,A/F,L,4357,4359,,1,26,5,21,6474.16,3D9.239F885420,5,46,FALSE,FALSE,3 SUTURES
2481,2,32,0.7,A/F,L,1765,1766,,,,3,59,7699.07,3D9.239F88549D,1,40,TRUE,FALSE,
2785,1,38.5,1.4,A/F,L,1718,1719,,2,48,5,12,5403.07,3D9.239F885554,4,14,TRUE,FALSE,
3067,1,40,1.4,A/F,L,1643,1644,,3,5,6,42,5816.11,3D9.239F885562,3,28,TRUE,FALSE,
4453,1,41,2.5,A/F,L,3038,3039,,1,30,4,57,6033.26,3D9.239F885578,8,24,FALSE,FALSE,3 SUTURES; FEMALE
6220,2,39.5,2.35,A/F,L,5449,5450,,4,52,6,39,7601.26,3D9.239F8855C6,8,55,FALSE,FALSE,FEMALE
3094,1,36.5,1.15,A/F,L,2387,2388,,3,22,3,30,9624.11,3D9.239F8855CD,2,38,TRUE,FALSE,
2387,4,35,1.05,A/F,L,914,915,,3,36,8,22,5011.07,3D9.239F8855E4,5,43,TRUE,FALSE,
4243,3,51,3.1,A/F,L,3509,3510,,2,28,4,55,7110.31,3D9.239F885603,4,38,TRUE,FALSE,
6097,2,54.5,4.8,A/F,L,4716,4717,,2,45,4,5,8070.16,3D9.239F885608,4,0,FALSE,FALSE,3 sutures
2474,2,31,0.7,A/F,L,1800,1799,,1,26,3,5,7811.07,3D9.239F88564F,1,22,TRUE,FALSE,
3188,2,42,1.8,A/F,L,2512,2514,,1,52,3,44,7194.31,3D9.239F885652,2,17,TRUE,FALSE,3 SUTURES
2388,2,31.5,0.8,A/F,L,912,913,,2,22,7,43,6607.07,3D9.239F88565E,1,26,TRUE,FALSE,
4189,1,47,2.3,A/F,L,2788,2789,,2,6,6,30,8370.31,3D9.239F885669,1,38,TRUE,FALSE,3 sutures
6251,1,41,1.7,A/F,L,4768,4769,,3,20,3,47,7454.16,3D9.239F885675,27,10,FALSE,FALSE,
3085,1,47,2.9,A/F,L,2443,2444,,3,19,5,15,7054.31,3D9.239F885695,4,50,TRUE,FALSE,3 sutures
4190,1,40,1.55,A/F,L,2786,2787,,1,28,5,17,6074.31,3D9.239F8856E0,1,45,TRUE,FALSE,
4390,1,38,1.2,A/F,L,3489,3490,,3,19,5,10,8462.16,3D9.239F8856EA,1,12,FALSE,FALSE,ACCIDENTALLY PUT AN LY TAG IT THIS FISH - SHOULD HAVE BEEN AN LG; 3 SUTURES
2676,1,39.5,1.4,A/F,L,1744,1745,,1,58,4,38,6915.07,3D9.239F886B3D,4,40,TRUE,FALSE,
4055,2,40,2.4,A/F,L,3113,3112,,1,33,7,57,6635.15,3D9.239F886FC8,2,55,TRUE,FALSE,3 sutures
4036,1,50.5,2.85,A/F,L,2673,2674,,2,48,4,23,5794.31,3D9.239F88703D,4,21,TRUE,FALSE,3 SUTURES
4157,2,40,2.25,A/F,L,3201,3202,,4,18,8,6,7979.15,3D9.239F88848E,5,9,TRUE,FALSE,3 sutures
2426,1,29.5,0.65,A/F,L,1913,1914,,2,6,3,9,9911.07,3D9.239F8884A5,1,26,TRUE,FALSE,
6229,1,39,2.1,A/F,L,5430,5431,,4,9,3,26,7517.26,3D9.239F8884CA,7,33,FALSE,FALSE,3 sutures
4380,1,38.5,1.95,A/F,L,3458,3459,,5,53,7,11,6537.26,3D9.239F888527,6,1,FALSE,FALSE,FEMALE;BLEEDER;3 SUTURES
4277,1,45,2,A/F,L,3331,3332,,,,3,55,5878.31,3D9.239F88854C,1,52,FALSE,FALSE,Forgot timer on time to anesthetised.  3 sutures
4305,1,40,1.55,A/F,GN,3354,3355,,2,40,4,6,5178.31,3D9.239F888621,6,29,FALSE,FALSE,3 Sutures
4383,1,44,1.9,A/F,L,3452,3453,,5,44,6,29,5298.16,3D9.239F888633,4,36,FALSE,FALSE,3 SUTURES
2413,2,37.5,1.3,A/F,L,1195,1196,,1,16,5,30,9267.07,3D9.239F888641,3,0,TRUE,FALSE,
6153,2,45.5,2.4,A/F,L,4688,4690,,1,3,5,14,5774.16,3D9.239F888672,4,33,FALSE,FALSE,3 SUTURES
4361,1,43.5,1.95,A/F,L,3440,3441,,5,20,3,33,5206.31,3D9.239F88868C,8,0,FALSE,FALSE,3 SUTURES
2422,1,33,0.85,A/F,L,1996,1997,,2,10,4,45,8371.07,3D9.239F888693,3,2,TRUE,FALSE,
2372,2,30,0.55,A/F,L,1256,1257,,2,15,5,13,9407.07,3D9.239F8886BB,0,52,TRUE,FALSE,
5809,1,40.5,1.5,A/F,L,4424,4476,,3,1,5,20,7706.16,3D9.239F8886E5,2,27,FALSE,FALSE,3 sutures
4355,1,46,2.4,A/F,L,3448,3449,,2,49,3,44,6550.31,3D9.239F888710,6,14,FALSE,FALSE,3 SUTURES
3175,1,38.5,1.3,A/F,L,1589,1590,,1,51,6,54,8678.31,3D9.239F88876F,2,25,TRUE,FALSE,Problem with scale led to over estimation of weight - tagged with too big a tag.  3 sutures
2425,1,29.5,0.65,A/F,L,1920,1919,,2,40,3,35,6719.07,3D9.239F88878E,1,0,TRUE,FALSE,
6222,2,39,1.55,A/F,L,5443,5444,,3,6,5,59,5550.16,3D9.239F88879D,7,8,FALSE,FALSE,
6166,2,36,1.8,A/F,L,4863,4864,,4,50,4,54,5949.26,3D9.239F8887BA,4,15,FALSE,FALSE,
6248,1,48.5,2,A/F,L,4758,4759,,5,52,4,5,5746.16,3D9.239F8887C6,14,15,FALSE,FALSE,3 sutures
4280,1,39,1.5,A/F,L,3552,3553,,2,30,5,43,9238.31,3D9.239F888801,8,40,FALSE,FALSE,3 sutures
4198,2,51.5,3.15,A/F,L,3276,3277,,3,19,6,27,6466.31,3D9.239F888805,1,42,TRUE,FALSE,"male, 3 sutures"
5977,2,43,1.8,A/F,L,4005,3993,,2,42,6,5,7734.16,3D9.239F888827,5,0,FALSE,FALSE,3 sutures
6215,2,36.5,1.8,A/F,L,5368,5369,,4,39,4,58,5697.26,3D9.239F888876,10,30,FALSE,FALSE,
5806,1,44.5,2.05,A/F,L,4451,4453,,2,35,5,21,6502.16,3D9.239F8888AE,3,21,FALSE,FALSE,3 sutures
2677,1,31.5,0.75,A/F,L,1746,1747,,1,20,5,2,5347.07,3D9.239F888912,2,8,TRUE,FALSE,
2475,2,30,0.6,A/F,L,1752,1751,,3,15,4,7,7755.07,3D9.239F888922,1,50,TRUE,FALSE,
3802,1,48,2.45,A/F,L,2610,2611,,1,58,3,11,8062.31,3D9.239F88892D,1,2,TRUE,FALSE,2 sutures
4258,6,51,3,A/F,L,3542,3543,,3,0,6,10,8846.31,3D9.239F888954,4,20,TRUE,FALSE,3 sutures.
6009,4,47,2.1,A/F,L,4030,4031,,3,36,3,33,5158.16,3D9.239F8889E9,5,18,FALSE,FALSE,3 SUTURES
2434,2,29,0.6,A/F,L,1870,1869,,1,41,4,50,6887.07,3D9.239F888A93,1,13,TRUE,FALSE,
6004,3,38,1.6,A/F,L,4036,4037,,4,11,3,54,8630.16,3D9.239F888AD4,6,2,FALSE,FALSE,ACCIDENTALLY TAGGED WITH STRIPED BASS TAG
6155,1,43,1.85,A/F,L,4693,4694,,1,58,5,53,5662.16,3D9.239F888ADF,6,36,FALSE,FALSE,3 SUTURES
6002,2,34.5,1.55,A/F,L,4038,4039,,3,53,3,56,6558.16,3D9.239F888C0E,4,31,FALSE,FALSE,3 SUTURES; TAGGED WITH A STRIPED BASS ACOUSTIC TAG BY ACCIDENT
3786,1,41.5,1.55,A/F,B,2121,2122,,1,18,4,49,9266.31,3D9.239F888C2A,2,43,TRUE,FALSE,3 SUTURES
4391,1,64.5,5.6,A/F,L,3487,3488,,3,20,5,28,6726.16,3D9.239F888CA2,11,55,FALSE,FALSE,3 SUTURES
4353,1,42.5,1.95,A/F,L,3402,3403,,4,2,4,48,6410.31,3D9.239F888CEE,11,45,FALSE,FALSE,"3 SUTURES, Pressure wound around pelvic fins"
2389,4,38,1.25,A/F,L,919,921,,3,1,6,19,9155.07,3D9.239F888CF4,3,46,TRUE,FALSE,
3054,1,35,1,A/F,L,1507,1508,,3,11,7,3,6992.11,3D9.239F888CFA,2,53,TRUE,FALSE,
4473,1,78.5,12.95,A/F,L,3079,3080,,3,45,4,45,9078.16,3D9.239F888DA7,6,37,FALSE,FALSE,4 SUTURES
3345,1,65,9.2,A/F,B,2151,2152,,5,52,5,40,7391.15,3D9.239F888DE0,5,0,FALSE,FALSE,"Female with eggs, 3 sutures"
2414,2,34,1.05,A/F,L,1193,1194,,1,43,5,10,7503.07,3D9.239F888E4B,3,0,TRUE,FALSE,
3300,2,40.5,3.5,A/F,L,2047,2048,,5,31,8,58,6383.15,3D9.239F888ED6,3,52,TRUE,FALSE,FEMALE
4171,1,38,2.05,A/F,L,2770,2771,,1,7,,,8651.15,3D9.239F888EF7,2,7,TRUE,FALSE,Stopwatch not started for surgery time.  Female; 3 sutures
4389,1,42,1.65,A/F,L,3491,3492,,2,51,4,14,7118.16,3D9.239F888F0E,8,1,FALSE,FALSE,
4425,1,46,2.6,A/F,L,2573,2574,,3,24,3,53,5886.16,3D9.239F888F7C,2,45,FALSE,FALSE,3 SUTURES; scar on side
2407,2,31,0.75,A/F,L,933,934,,1,26,8,13,9743.07,3D9.239F888FAD,3,42,TRUE,FALSE,2 sutures
6165,2,57.5,5.2,A/F,L,4861,4862,,6,2,3,54,7062.16,3D9.239F888FEE,5,33,FALSE,FALSE,
4256,1,37.5,2.2,A/F,L,3546,3547,,3,13,6,0,6327.15,3D9.239F8890AB,3,39,TRUE,FALSE,3 sutures
5807,3,40.5,1.5,A/F,L,4452,4461,,0,57,4,23,7790.16,3D9.239F8890D3,3,50,FALSE,FALSE,3 sutures
2379,4,31,0.7,A/F,L,829,830,,3,44,3,56,8147.07,3D9.239F889104,5,9,TRUE,FALSE,Floy #830 fell off during release
4534,2,33.5,1.55,A/F,L,3779,3780,,4,22,4,36,5361.26,3D9.239F889168,4,27,FALSE,FALSE,3 SUTURES
2488,2,29,0.6,A/F,L,1436,1435,,3,15,4,9,8735.07,3D9.239F88918F,1,3,TRUE,FALSE,
2437,2,31.5,0.8,A/F,L,1801,1802,,5,38,3,44,9967.07,3D9.239F8891AE,2,0,TRUE,FALSE,
2424,1,25.5,0.5,A/F,B,1921,1922,,1,50,3,30,8679.07,3D9.239F8891B4,,,TRUE,FALSE,
3097,2,36.5,1.2,A/F,L,2393,2394,,4,10,3,55,6180.11,3D9.239F8891BC,3,54,TRUE,FALSE,
3056,1,36.5,1.05,A/F,L,1511,1512,,4,54,4,58,8952.11,3D9.239F8891D5,2,56,TRUE,FALSE,
4615,1,43.5,3,A/F,L,4199,4200,,6,12,6,49,5585.26,3D9.239F889233,4,43,FALSE,FALSE,3 SUTURES
6199,1,34.5,1.75,A/F,L,5359,5360,,6,39,5,12,9785.26,3D9.239F8892D1,7,21,FALSE,FALSE,
6250,1,41,1.6,A/F,L,4764,4765,,3,40,4,0,8182.16,3D9.239F889319,11,28,FALSE,FALSE,"Scar by pelvic fin, 3 sutures"
4167,1,58.5,8.3,A/F,L,3219,3220,,1,5,5,42,7587.15,3D9.239F88931C,2,15,TRUE,FALSE,Male; 3 sutures
2380,4,38.5,1.35,A/F,L,833,835,,5,1,5,3,9827.07,3D9.239F88932F,5,39,TRUE,FALSE,
3399,1,68.5,10.85,A/F,L,2220,2221,,4,2,4,8,8455.15,3D9.239F889398,5,27,FALSE,FALSE,3 SUTURES
4372,1,47,2.6,A/F,L,3470,3471,,5,0,4,24,8398.31,3D9.239F8893C0,4,20,FALSE,FALSE,
2417,2,35,1.1,A/F,L,1184,1183,,1,10,4,23,9771.07,3D9.239F8893EA,2,25,TRUE,FALSE,
2435,2,29.5,0.6,A/F,L,1871,1827,,1,23,3,40,7167.07,3D9.239F8893EE,1,13,TRUE,FALSE,
2390,2,37,1.15,A/F,L,910,911,,2,42,8,6,9351.07,3D9.239F8893F2,1,18,TRUE,FALSE,
4327,1,42,1.7,A/F,L,2922,2923,,2,53,4,18,6130.31,3D9.239F8893FA,3,35,FALSE,FALSE,
3193,1,41.5,1.7,A/F,L,2577,2576,,3,28,9,4,7026.31,3D9.239F88940B,7,5,TRUE,FALSE,3 sutures
6171,2,38.5,2.1,A/F,L,4868,4869,,5,22,4,40,9757.26,3D9.239F889413,3,38,FALSE,FALSE,
4442,1,43,1.6,A/F,L,3010,3011,,3,40,5,19,5914.16,3D9.239F889417,6,18,FALSE,FALSE,3 SUTURES
2391,2,34,0.9,A/F,L,916,917,,2,26,8,37,8399.07,3D9.239F889422,8,33,TRUE,FALSE,
6109,2,47,3.05,A/F,L,4748,4749,,3,20,6,41,8490.16,3D9.239F88949F,2,7,FALSE,FALSE,4 SUTURES
3347,1,40,2.3,A/F,B,2155,2156,,4,8,7,16,7839.15,3D9.239F8894C4,4,56,FALSE,FALSE,3 SUTURES
4464,1,52.5,3.8,A/F,L,3060,3061,,5,27,6,12,9113.26,3D9.239F8894FC,7,32,FALSE,FALSE,3 SUTURES
4110,2,79,11.6,A/F,L,2809,2810,,6,56,7,12,6830.31,3D9.239F889513,3,39,TRUE,FALSE,3 SUTURES
3803,1,46.5,2.3,A/F,L,2608,2609,,1,43,4,56,9462.31,3D9.239F889536,1,6,TRUE,FALSE,3 SUTURES
4145,1,45,2,A/F,L,3226,3227,,2,26,6,29,8818.31,3D9.239F889538,4,50,TRUE,FALSE,3 sutures
4365,1,44.5,2.1,A/F,L,3431,3432,,5,4,3,35,8118.31,3D9.239F88955E,13,38,FALSE,FALSE,
3358,1,55.5,4.95,A/F,B,2169,2170,,5,32,4,19,8343.15,3D9.239F889564,3,22,FALSE,FALSE,"3 SUTURES, BLEEDING A BIT"
3784,1,53.5,5.4,A/F,B,2117,2118,,4,39,5,25,5599.15,3D9.239F889587,1,43,FALSE,FALSE,3 SUTURES
4384,999,64,7.8,A/F,N/R,3538,3451,,7,58,4,48,6341.26,3D9.239F8895D9,6,0,FALSE,FALSE,"FEMALE WITH EGGS
Catfish previously captured and held at FSB"
4378,2,41,1.65,A/F,L,3460,3461,,6,14,4,59,8938.16,3D9.239F8895EB,4,38,FALSE,FALSE,3 SUTURES
6087,1,83.5,13.05,A/F,L,4616,4617,,2,10,5,23,7958.16,3D9.239F88964F,4,5,FALSE,FALSE,"Male, 3 sutures"
6246,1,45,2.15,A/F,L,4754,4755,,3,30,4,6,9386.16,3D9.239F88965D,9,46,FALSE,FALSE,3 sutures
3083,1,41,1.65,A/F,L,2439,2440,,5,36,6,51,7334.31,3D9.239F8896DB,4,46,TRUE,FALSE,3 sutures; bleeding
3198,1,45,2.1,A/F,L,2587,2588,,3,5,7,31,5290.31,3D9.239F889706,5,19,TRUE,FALSE,"female, 3 sutures"
3176,1,42,1.8,A/F,L,1586,1587,,3,6,7,51,8006.31,3D9.239F889722,2,59,TRUE,FALSE,3 SUTURES
6024,1,42.5,1.8,A/F,L,3681,3679,,3,45,5,52,7426.16,3D9.239F88973D,3,58,FALSE,FALSE,
2487,2,32,0.95,A/F,L,1430,1431,,3,27,,,6159.07,3D9.239F889786,1,0,TRUE,FALSE,
3058,1,40.5,1.4,A/F,L,1515,1516,,2,44,5,31,7188.11,3D9.239F8897AE,4,40,TRUE,FALSE,
4050,1,51.5,4.3,A/F,L,3101,3102,,1,59,9,24,8427.15,3D9.239F889831,7,15,TRUE,FALSE,3 sutures
3294,3,42,1.7,A/F,B,2464,2465,,2,50,4,1,8286.31,3D9.239F889864,5,23,TRUE,FALSE,3 SUTURES
3107,1,40.5,1.5,A/F,L,2412,2413,,5,9,7,23,5542.31,3D9.239F88987A,4,5,TRUE,FALSE,
2784,5,29.5,0.65,A/F,L,1721,1722,1720,4,25,5,30,6103.07,3D9.239F88987F,5,0,TRUE,FALSE,can missfired and extra floy tag
2418,2,36,1.2,A/F,L,1177,1178,,1,10,4,50,5263.07,3D9.239F889885,3,10,TRUE,FALSE,Bleeding
6058,1,57,4.8,A/F,L,3657,3658,,2,50,3,46,8518.16,3D9.239F88989E,4,10,FALSE,FALSE,3 Sutures
3174,1,36.5,1.3,A/F,L,1591,1592,,1,54,7,56,5766.31,3D9.239F8898DB,1,20,FALSE,FALSE,Problem with scale led to over estimation of weight - tagged with too big a tag.
6209,1,38,1.7,A/F,L,4876,4877,,3,50,6,11,9862.16,3D9.239F889910,3,40,FALSE,FALSE,
4185,1,41,1.6,A/F,L,2796,2797,,2,28,6,41,9378.31,3D9.239F889931,1,57,TRUE,FALSE,3 sutures
3096,1,39,1.4,A/F,L,2391,2392,,4,5,3,33,6936.11,3D9.239F88993E,3,41,TRUE,FALSE,
3323,1,51,4.55,A/F,B,2069,2070,,8,11,6,49,6187.15,3D9.239F88997A,3,44,FALSE,FALSE,3 SUTURES
3789,2,37,1.55,A/F,L,2125,,,2,3,6,29,9631.15,3D9.239F8899FF,2,55,TRUE,FALSE,"ONE FLOY TAG (RAN OUT), 3 SUTURES"
6234,1,43,1.9,A/F,L,5406,5407,,4,23,5,8,7370.16,3D9.239F889A3A,9,10,FALSE,FALSE,3 sutures
4301,2,45.5,3.2,A/F,L,3396,3397,,6,15,3,50,6355.15,3D9.239F889A62,6,30,FALSE,FALSE,3 sutures
5683,2,35,1.7,A/F,L,4357,4358,,4,39,3,15,7377.26,3D9.239F889A81,4,35,FALSE,FALSE,3 sutures
5803,1,39,1.5,A/F,L,4462,4460,,2,32,4,56,5186.16,3D9.239F889A86,3,34,FALSE,FALSE,3 sutures
3095,1,45.5,2.55,A/F,L,2389,2390,,3,50,3,55,6690.31,3D9.239F889AE3,2,40,TRUE,FALSE,
6239,1,42.5,1.9,A/F,L,5416,5417,,5,14,4,5,7874.16,3D9.239F88C531,12,33,FALSE,FALSE,3 sutures
4563,1,50,2.6,A/F,L,3898,3899,,4,24,3,23,8742.16,3D9.239F88CC42,3,6,FALSE,FALSE,
1948,2,45,4.3,A/F,B,77,,,,,4,36,7447.01,UNK.PT20130719,,,FALSE,FALSE,
2348,1,46.5,2.25,A/F,L,741,742,,2,30,7,23,5900.24,UNK.PT20140310,2,2,TRUE,FALSE,N37°49.840 W121°33.556        PIT tag reader died
2241,1,36,1.1,A/F,L,219,220,,4,12,4,19,5921.22,3D6.001569C007,,,TRUE,TRUE,0950 Release Time;fisherman recapture @ Turner Cut
2439,2,32,1.35,A/F,L,1805,1806,,7,9,4,21,5094.04,3D6.001569BE83,8,44,TRUE,TRUE,recaptured by fisherman 12/15/14
